No,Name,Code,REM,Last Done,LACP,CHG,%CHG,Vol ('00),BUY Vol ('00),BUY,SELL,SELL Vol ('00),HIGH,LOW,stock_id
1,PHB [S],4464,,0.01,0.01,-,-,1705539,1248847,0.01,0.015,1389388,0.015,0.01,4464
2,AHB [S],7315,,0.2,0.28,-0.080,-28.57,1519761,2555,0.2,0.205,850,0.3,0.195,7315
3,SAPNRG [S],5218,s,0.05,0.05,-,-,454963,268148,0.05,0.055,263206,0.055,0.045,5218
4,AIRASIA [S],5099,s,0.745,0.785,-0.040,-5.10,453046,984,0.745,0.75,600,0.785,0.735,5099
5,TWL [S],7079,,0.055,0.065,-0.010,-15.38,422044,362442,0.055,0.06,162769,0.065,0.055,7079
6,NWP [S],5025,,0.2,0.23,-0.030,-13.04,388680,59742,0.2,0.205,29052,0.245,0.2,5025
7,DNEX [S],4456,s,0.855,0.865,-0.010,-1.16,340151,28305,0.855,0.86,13962,0.875,0.85,4456
8,TRIVE,0118,,0.11,0.115,-0.005,-4.35,317607,3064,0.11,0.115,4527,0.125,0.105,0118
9,HIBISCS [S],5199,s,0.86,0.855,+0.005,+0.58,307828,3020,0.86,0.865,955,0.885,0.85,5199
10,BINTAI [S],6998,,0.155,0.165,-0.010,-6.06,288091,40458,0.155,0.16,25977,0.17,0.155,6998
11,SAUDEE [S],5157,,0.065,0.075,-0.010,-13.33,253207,220759,0.065,0.07,39358,0.075,0.065,5157
12,TAWIN-WB [S],7097WB,,0.055,0.055,-,-,233335,24040,0.05,0.055,176765,0.055,0.05,7097WB
13,OCR [S],7071,,0.155,0.17,-0.015,-8.82,219353,7674,0.15,0.155,27601,0.18,0.155,7071
14,DATAPRP [S],8338,,0.705,0.75,-0.045,-6.00,217198,1087,0.705,0.71,1204,0.755,0.69,8338
15,MYEG [S],0138,s,1.04,1.03,+0.010,+0.97,214391,49358,1.03,1.04,913,1.05,1.02,0138
16,TAWIN [S],7097,s,0.14,0.14,-,-,214251,22021,0.135,0.14,55220,0.145,0.13,7097
17,ARMADA,5210,s,0.5,0.5,-,-,212495,33544,0.5,0.505,12171,0.51,0.495,5210
18,MBSB,1171,s,0.605,0.58,+0.025,+4.31,197657,13289,0.6,0.605,9156,0.61,0.575,1171
19,INARI [S],0166,s,3.56,3.68,-0.120,-3.26,195601,302,3.55,3.56,37,3.69,3.52,0166
20,HIAPTEK [S],5072,s,0.52,0.515,+0.005,+0.97,179048,18046,0.515,0.52,604,0.525,0.51,5072
21,TWL-WD [S],7079WD,,0.03,0.035,-0.005,-14.29,176680,214856,0.025,0.03,11984,0.035,0.03,7079WD
22,ATAIMS [S],8176,s,0.595,0.62,-0.025,-4.03,175633,5958,0.595,0.6,1955,0.625,0.59,8176
23,TOPGLOV [S],7113,s,2.38,2.41,-0.030,-1.24,165389,110,2.37,2.38,21036,2.42,2.32,7113
24,MINETEC [S],7219,,0.085,0.105,-0.020,-19.05,159899,51300,0.085,0.09,10808,0.1,0.085,7219
25,CIMB,1023,s,5.59,5.56,+0.030,+0.54,154642,817,5.57,5.59,10108,5.59,5.52,1023
26,AIRASIA-WA [S],5099WA,,0.18,0.2,-0.020,-10.00,154125,11745,0.18,0.185,15058,0.195,0.175,5099WA
27,ECOFIRS-WD [S],3557WD,,0.18,0.175,+0.005,+2.86,150252,21760,0.175,0.18,19646,0.19,0.17,3557WD
28,IMPIANA,7243,,0.06,0.06,-,-,148495,166469,0.055,0.06,6819,0.06,0.055,7243
29,DIALOG [S],7277,s,2.9,2.82,+0.080,+2.84,148472,11040,2.88,2.9,2422,2.91,2.82,7277
30,VERSATL [S],4995,,0.69,0.69,-,-,132631,14640,0.685,0.69,11325,0.7,0.685,4995
31,PBBANK,1295,s,4.24,4.25,-0.010,-0.24,131709,2778,4.23,4.24,1970,4.25,4.22,1295
32,WZSATU [S],7245,,0.21,0.225,-0.015,-6.67,127970,6661,0.21,0.215,18823,0.23,0.21,7245
33,PERTAMA,8532,,0.64,0.635,+0.005,+0.79,126116,13760,0.635,0.64,12100,0.64,0.63,8532
34,PDZ [S],6254,,0.05,0.055,-0.005,-9.09,119071,108641,0.05,0.055,75867,0.055,0.05,6254
35,CUSCAPI [S],0051,,0.36,0.36,-,-,112662,494,0.36,0.365,3350,0.37,0.34,0051
36,ARBB [S],7181,,0.145,0.15,-0.005,-3.33,111638,55564,0.145,0.15,3412,0.155,0.145,7181
37,KAB [S],0193,s,0.305,0.3,+0.005,+1.67,109992,1772,0.305,0.31,9131,0.315,0.3,0193
38,KOMARK [S],7017,,0.155,0.16,-0.005,-3.13,108703,7212,0.155,0.16,13405,0.165,0.155,7017
39,ATECH [S],5302,,2.35,2.48,-0.130,-5.24,107704,97,2.35,2.36,45,2.51,2.32,5302
40,ECOFIRS [S],3557,,0.52,0.49,+0.030,+6.12,107665,470,0.52,0.525,1595,0.53,0.49,3557
41,RHBBANK,1066,s,5.89,5.73,+0.160,+2.79,107239,538,5.89,5.9,2324,5.9,5.75,1066
42,BSLCORP [S],7221,,0.81,0.82,-0.010,-1.22,104427,1920,0.81,0.82,578,0.88,0.81,7221
43,LUSTER,5068,,0.135,0.135,-,-,93762,81956,0.13,0.135,24307,0.14,0.13,5068
44,PERMAJU [S],7080,,0.06,0.07,-0.010,-14.29,93400,98488,0.06,0.065,22631,0.07,0.06,7080
45,PA [S],7225,s,0.415,0.415,-,-,92183,1674,0.415,0.42,6376,0.425,0.415,7225
46,TECHNAX [S],2739,,0.085,0.085,-,-,91177,249812,0.085,0.09,92394,0.09,0.085,2739
47,PMETAL [S],8869,s,6.2,6.09,+0.110,+1.81,90339,12816,6.2,6.21,61,6.25,6.05,8869
48,FRONTKN [S],0128,s,3.63,3.69,-0.060,-1.63,88467,18,3.63,3.65,54,3.73,3.6,0128
49,WONG [S],7050,,0.67,0.72,-0.050,-6.94,88116,777,0.67,0.675,124,0.74,0.67,7050
50,YONGTAI [S],7066,,0.13,0.13,-,-,87071,1342,0.13,0.135,19275,0.14,0.13,7066
51,PENTA [S],7160,s,4.65,4.87,-0.220,-4.52,82844,144,4.64,4.65,718,4.94,4.63,7160
52,SWIFT [S],5303,,0.85,0.85,-,-,82820,3472,0.85,0.86,1724,0.875,0.85,5303
53,AAX [S],5238,,0.065,0.07,-0.005,-7.14,81769,386228,0.06,0.065,31295,0.07,0.06,5238
54,AEM [S],7146,,0.04,0.04,-,-,80645,181260,0.035,0.04,20827,0.045,0.035,7146
55,AYS [S],5021,,0.66,0.68,-0.020,-2.94,78828,3651,0.655,0.66,517,0.69,0.66,5021
56,SEALINK [S],5145,,0.16,0.15,+0.010,+6.67,78206,300,0.155,0.16,4810,0.165,0.145,5145
57,OCR-WD [S],7071WD,,0.01,0.01,-,-,76097,41319,0.005,0.01,55567,0.01,0.005,7071WD
58,AMBANK,1015,s,3.53,3.43,+0.100,+2.92,74877,463,3.53,3.54,419,3.56,3.4,1015
59,ALAM [S],5115,,0.035,0.035,-,-,74799,384852,0.03,0.04,89627,0.04,0.03,5115
60,MI [S],5286,s,2.49,2.71,-0.220,-8.12,74416,44,2.49,2.5,186,2.74,2.48,5286
61,CME [S],7018,,0.06,0.06,-,-,73688,4590,0.06,0.065,79790,0.065,0.06,7018
62,EASTLND [S],2097,,0.09,0.09,-,-,72372,10300,0.085,0.09,7928,0.09,0.085,2097
63,VS [S],6963,s,1.26,1.29,-0.030,-2.33,70465,13272,1.25,1.26,8083,1.29,1.25,6963
64,BPURI [S],5932,,0.05,0.05,-,-,70230,4545,0.05,0.055,160586,0.055,0.05,5932
65,ANZO [S],9342,,0.04,0.045,-0.005,-11.11,67175,152830,0.035,0.04,34471,0.045,0.035,9342
66,CARIMIN [S],5257,,0.805,0.77,+0.035,+4.55,65135,2272,0.8,0.805,69,0.82,0.775,5257
67,CTOS [S],5301,,1.81,1.88,-0.070,-3.72,65105,2586,1.81,1.83,423,1.89,1.81,5301
68,ICONIC [S],9113,,0.275,0.275,-,-,65014,1200,0.27,0.275,620,0.28,0.27,9113
69,TAFI [S],7211,,2.45,2.5,-0.050,-2.00,64906,895,2.44,2.45,279,2.6,2.37,7211
70,GUH [S],3247,,0.615,0.61,+0.005,+0.82,64739,131,0.615,0.62,758,0.635,0.61,3247
71,BJCORP,3395,s,0.25,0.245,+0.005,+2.04,63491,35266,0.245,0.25,37626,0.25,0.245,3395
72,EKOVEST [S],8877,s,0.435,0.435,-,-,63058,2102,0.435,0.44,20426,0.44,0.43,8877
73,MAYBANK,1155,s,8.5,8.41,+0.090,+1.07,60767,1252,8.48,8.5,6335,8.5,8.4,1155
74,SUPERMX [S],7106,s,1.41,1.44,-0.030,-2.08,60503,1184,1.41,1.42,737,1.45,1.39,7106
75,MINETEC-PA,7219PA,,0.025,0.03,-0.005,-16.67,60008,260103,0.02,0.025,19945,0.025,0.02,7219PA
76,UNISEM [S],5005,s,3.58,3.7,-0.120,-3.24,59489,798,3.58,3.59,475,3.7,3.54,5005
77,GPACKET [S],0082,,0.085,0.085,-,-,59168,1210,0.085,0.09,35335,0.09,0.085,0082
78,RGTBHD [S],9954,,0.63,0.705,-0.075,-10.64,57680,681,0.625,0.63,16,0.715,0.61,9954
79,PCHEM [S],5183,s,9.15,9.0,+0.150,+1.67,57234,1959,9.13,9.15,2018,9.25,9.0,5183
80,YTL,4677,s,0.57,0.58,-0.010,-1.72,56954,42352,0.57,0.575,2055,0.58,0.57,4677
81,GREATEC [S],0208,s,5.54,5.93,-0.390,-6.58,55972,45,5.53,5.54,90,5.94,5.5,0208
82,GTRONIC [S],7022,s,1.5,1.55,-0.050,-3.23,55821,180,1.49,1.5,161,1.55,1.48,7022
83,MUHIBAH [S],5703,,0.615,0.63,-0.015,-2.38,54701,2,0.615,0.62,865,0.65,0.61,5703
84,T7GLOBAL [S],7228,,0.375,0.375,-,-,53924,9410,0.37,0.375,7736,0.38,0.37,7228
85,PTRANS [S],0186,,0.655,0.64,+0.015,+2.34,53799,4277,0.655,0.66,2763,0.66,0.64,0186
86,SIME [S],4197,s,2.27,2.28,-0.010,-0.44,53084,3504,2.26,2.27,4770,2.3,2.26,4197
87,HWGB [S],9601,,0.205,0.2,+0.005,+2.50,52963,6373,0.2,0.205,15753,0.21,0.2,9601
88,VELESTO [S],5243,s,0.13,0.13,-,-,52671,141700,0.13,0.135,58661,0.135,0.13,5243
89,HUBLINE [S],7013,,0.04,0.045,-0.005,-11.11,52191,766452,0.035,0.04,73906,0.04,0.04,7013
90,PNEPCB [S],6637,,0.115,0.11,+0.005,+4.55,52167,10975,0.11,0.115,7906,0.12,0.11,6637
91,AFFIN,5185,s,1.93,1.85,+0.080,+4.32,51795,3041,1.93,1.94,430,1.95,1.85,5185
92,PMHLDG [S],1287,,0.07,0.07,-,-,51592,83186,0.065,0.075,23756,0.075,0.065,1287
93,ANNJOO [S],6556,s,1.94,1.97,-0.030,-1.52,51349,1787,1.94,1.95,489,2.0,1.9,6556
94,LBALUM [S],9326,,0.49,0.48,+0.010,+2.08,51137,2798,0.485,0.49,420,0.505,0.48,9326
95,CHEETAH [S],7209,,0.155,0.155,-,-,51041,3330,0.15,0.155,11579,0.16,0.15,7209
96,BPURI-WA [S],5932WA,,0.015,0.02,-0.005,-25.00,50732,159372,0.01,0.015,36226,0.015,0.015,5932WA
97,CAREPLS [S],0163,s,1.0,1.02,-0.020,-1.96,50265,1591,1.0,1.01,1464,1.03,0.99,0163
98,MINDA [S],5166,,0.07,0.08,-0.010,-12.50,50119,100123,0.07,0.075,33975,0.08,0.07,5166
99,SUNREIT,5176,s,1.45,1.44,+0.010,+0.69,50077,2060,1.44,1.45,1004,1.46,1.43,5176
100,LIONIND [S],4235,,0.625,0.64,-0.015,-2.34,49435,56,0.625,0.63,210,0.655,0.62,4235
101,DESTINI [S],7212,,0.21,0.21,-,-,48600,22282,0.205,0.21,9834,0.21,0.205,7212
102,ITRONIC [S],9393,,0.115,0.115,-,-,47531,3079,0.11,0.115,6221,0.12,0.11,9393
103,JADI [S],7223,,0.11,0.115,-0.005,-4.35,47353,9480,0.11,0.115,46714,0.11,0.105,7223
104,CNOUHUA,5188,,0.08,0.085,-0.005,-5.88,47292,505,0.08,0.085,33879,0.085,0.08,5188
105,NCT [S],0056,,0.505,0.5,+0.005,+1.00,46109,7990,0.5,0.505,995,0.51,0.49,0056
106,PWORTH [S],7123,,0.1,0.105,-0.005,-4.76,45489,8203,0.095,0.1,10830,0.11,0.095,7123
107,SCOMI,7158,,0.03,0.03,-,-,44934,81135,0.025,0.03,31996,0.035,0.025,7158
108,MASTEEL [S],5098,,0.345,0.36,-0.015,-4.17,44287,2508,0.345,0.35,1052,0.365,0.34,5098
109,JAKS [S],4723,s,0.42,0.435,-0.015,-3.45,44271,16338,0.42,0.425,3267,0.43,0.42,4723
110,AJIYA [S],7609,,1.16,1.16,-,-,42818,173,1.16,1.17,1599,1.18,1.13,7609
111,SERNKOU [S],7180,s,0.74,0.705,+0.035,+4.96,42515,1145,0.735,0.74,877,0.745,0.7,7180
112,SPSETIA [S],8664,s,1.28,1.26,+0.020,+1.59,42457,6940,1.27,1.28,815,1.29,1.26,8664
113,KOSSAN [S],7153,s,2.0,2.04,-0.040,-1.96,42390,2310,1.99,2.0,20,2.04,1.98,7153
114,YINSON,7293,s,5.9,5.95,-0.050,-0.84,42164,1,5.9,5.92,6,5.99,5.9,7293
115,AVI [S],8885,,0.105,0.11,-0.005,-4.55,41842,4701,0.105,0.11,15139,0.11,0.105,8885
116,BSLCORP-WA [S],7221WA,,0.235,0.23,+0.005,+2.17,41074,2993,0.225,0.235,3814,0.24,0.225,7221WA
117,WPRTS [S],5246,s,4.04,4.04,-,-,40313,99,4.02,4.04,3500,4.12,4.02,5246
118,MEDIAC [S],5090,,0.17,0.165,+0.005,+3.03,39902,19654,0.165,0.17,63117,0.17,0.165,5090
119,AGES [S],7145,,0.04,0.045,-0.005,-11.11,39572,673820,0.04,0.045,249224,0.045,0.04,7145
120,PARKSON [S],5657,,0.2,0.21,-0.010,-4.76,39529,11230,0.2,0.205,7198,0.21,0.2,5657
121,D&O [S],7204,s,5.22,5.46,-0.240,-4.40,38181,163,5.2,5.22,837,5.53,5.16,7204
122,KNM [S],7164,s,0.14,0.14,-,-,37663,88914,0.135,0.14,66852,0.14,0.135,7164
123,YTLPOWR,6742,s,0.615,0.63,-0.015,-2.38,37592,9977,0.61,0.615,14983,0.63,0.61,6742
124,KEYASIC,0143,,0.095,0.095,-,-,37361,9423,0.095,0.1,49751,0.1,0.095,0143
125,MIECO [S],5001,,0.565,0.56,+0.005,+0.89,36529,1631,0.56,0.565,1352,0.565,0.56,5001
126,LUSTER-WA,5068WA,,0.035,0.035,-,-,36291,43980,0.03,0.035,20324,0.04,0.03,5068WA
127,JHM [S],0127,s,1.66,1.67,-0.010,-0.60,35738,285,1.65,1.66,574,1.68,1.64,0127
128,KTB,4847,,0.205,0.215,-0.010,-4.65,35646,13880,0.205,0.21,370,0.215,0.205,4847
129,IGBREIT,5227,s,1.59,1.61,-0.020,-1.24,35546,2603,1.59,1.6,1318,1.62,1.59,5227
130,SNC-WB [S],7943WB,,0.095,0.095,-,-,35154,124,0.095,0.1,7984,0.1,0.09,7943WB
131,GENM,4715,s,2.9,2.9,-,-,34568,1983,2.9,2.91,1217,2.93,2.89,4715
132,SUNWAY [S],5211,s,1.7,1.73,-0.030,-1.73,34385,1474,1.69,1.7,1521,1.74,1.69,5211
133,NOTION [S],0083,,0.4,0.43,-0.030,-6.98,34185,906,0.4,0.41,180,0.445,0.4,0083
134,SMCAP [S],9776,,0.19,0.19,-,-,34067,18888,0.19,0.195,1229,0.205,0.18,9776
135,HARTA [S],5168,s,5.72,5.89,-0.170,-2.89,34053,100,5.7,5.72,142,5.91,5.66,5168
136,IHH [S],5225,s,6.65,6.65,-,-,33712,142,6.64,6.65,8542,6.68,6.62,5225
137,ABMB,2488,s,3.33,3.33,-,-,33391,201,3.29,3.33,187,3.38,3.29,2488
138,DOLPHIN [S],5265,,0.08,0.085,-0.005,-5.88,33167,1,0.08,0.085,88264,0.085,0.075,5265
139,DAYANG [S],5141,s,0.925,0.935,-0.010,-1.07,32674,350,0.92,0.925,639,0.94,0.91,5141
140,SMI [S],4375,,0.21,0.205,+0.005,+2.44,32447,7117,0.21,0.215,12496,0.215,0.205,4375
141,CAELY-WB [S],7154WB,,0.125,0.125,-,-,32404,64,0.125,0.13,6653,0.13,0.125,7154WB
142,TENAGA [S],5347,s,9.1,9.07,+0.030,+0.33,32354,25,9.08,9.1,1749,9.1,9.06,5347
143,SKPRES [S],7155,s,1.65,1.67,-0.020,-1.20,31937,150,1.64,1.65,1699,1.68,1.63,7155
144,RUBEREX,7803,s,0.505,0.52,-0.015,-2.88,31880,3972,0.505,0.51,30,0.52,0.505,7803
145,ANNUM [S],5082,,0.765,0.675,+0.090,+13.33,31660,1136,0.76,0.765,363,0.765,0.67,5082
146,DPS [S],7198,,0.105,0.1,+0.005,+5.00,31435,11024,0.1,0.105,24030,0.105,0.1,7198
147,G3 [S],7184,,0.085,0.09,-0.005,-5.56,31254,65117,0.085,0.09,10955,0.09,0.085,7184
148,VS-WB [S],6963WB,,0.395,0.405,-0.010,-2.47,31188,13499,0.39,0.395,2515,0.41,0.39,6963WB
149,FRONTKN-WB [S],0128WB,,0.515,0.535,-0.020,-3.74,30901,3076,0.515,0.52,701,0.54,0.51,0128WB
150,BPLANT [S],5254,s,0.72,0.715,+0.005,+0.70,30237,9,0.72,0.725,3290,0.73,0.71,5254
151,BRAHIMS [S],9474,,0.1,0.105,-0.005,-4.76,29620,9894,0.095,0.1,4238,0.105,0.095,9474
152,ASTINO [S],7162,,0.705,0.695,+0.010,+1.44,29595,1106,0.705,0.71,2221,0.71,0.695,7162
153,PELIKAN [S],5231,,0.325,0.325,-,-,29577,6318,0.325,0.33,4489,0.335,0.325,5231
154,ACME [S],7131,,0.185,0.195,-0.010,-5.13,29290,2250,0.185,0.19,2960,0.195,0.18,7131
155,MALAKOF [S],5264,s,0.72,0.725,-0.005,-0.69,29067,3438,0.72,0.725,300,0.745,0.72,5264
156,PANTECH [S],5125,,0.61,0.61,-,-,28401,218,0.61,0.62,515,0.62,0.605,5125
157,TAKAFUL [S],6139,s,3.8,3.74,+0.060,+1.60,27932,183,3.79,3.8,5,3.85,3.77,6139
158,KOBAY [S],6971,s,5.49,5.56,-0.070,-1.26,27919,8,5.48,5.49,263,5.66,5.46,6971
159,MERIDIAN [S],5040,,0.07,0.065,+0.005,+7.69,27783,5116,0.065,0.07,11987,0.07,0.06,5040
160,S&FCAP [S],8745,,0.115,0.115,-,-,27674,13501,0.11,0.115,1698,0.12,0.105,8745
161,IJM [S],3336,s,1.5,1.5,-,-,27613,3167,1.49,1.5,11525,1.5,1.49,3336
162,TANCO [S],2429,,0.21,0.215,-0.005,-2.33,27330,201,0.21,0.215,2741,0.215,0.205,2429
163,PDZ-WC [S],6254WC,,0.015,0.02,-0.005,-25.00,27240,161154,0.015,0.02,52583,0.02,0.015,6254WC
164,PRG,7168,,0.165,0.17,-0.005,-2.94,27072,12500,0.16,0.165,264,0.175,0.165,7168
165,GENTING,3182,s,4.67,4.71,-0.040,-0.85,26586,1067,4.67,4.68,29,4.72,4.65,3182
166,HUBLINE-WC [S],7013WC,,0.015,0.015,-,-,26494,700,0.01,0.015,69295,0.015,0.01,7013WC
167,HLCAP,5274,s,7.55,7.4,+0.150,+2.03,26302,9,7.55,7.57,7,7.67,7.4,5274
168,BIMB [S],5258,s,3.18,3.18,-,-,25926,1280,3.18,3.19,51,3.21,3.17,5258
169,EURO [S],7208,s,0.5,0.505,-0.005,-0.99,25550,660,0.495,0.5,1726,0.505,0.485,7208
170,QL [S],7084,s,5.03,5.01,+0.020,+0.40,25407,445,5.01,5.03,2465,5.08,5.0,7084
171,SCNWOLF [S],7239,,0.59,0.57,+0.020,+3.51,25019,1115,0.585,0.59,2651,0.59,0.57,7239
172,MESB [S],7234,,0.54,0.515,+0.025,+4.85,25012,200,0.535,0.54,1015,0.56,0.51,7234
173,NGGB [S],7241,,1.04,1.01,+0.030,+2.97,24643,402,1.04,1.05,3975,1.05,1.01,7241
174,KGB [S],0151,s,1.63,1.68,-0.050,-2.98,24582,610,1.62,1.63,14,1.7,1.63,0151
175,CGB [S],8052,,0.93,0.93,-,-,24441,317,0.93,0.935,169,0.965,0.91,8052
176,BARAKAH [S],7251,,0.09,0.095,-0.005,-5.26,24395,102194,0.09,0.095,7964,0.1,0.09,7251
177,DYNACIA [S],5178,,0.095,0.095,-,-,23896,333,0.095,0.1,6918,0.095,0.095,5178
178,TASCO [S],5140,s,1.24,1.19,+0.050,+4.20,23860,388,1.23,1.24,3764,1.24,1.19,5140
179,SAPNRG-WA [S],5218WA,,0.03,0.03,-,-,23809,213861,0.025,0.03,41970,0.035,0.025,5218WA
180,MILUX [S],7935,,0.905,0.905,-,-,23774,1620,0.9,0.905,1544,0.925,0.865,7935
181,EFORCE [S],0065,,0.58,0.59,-0.010,-1.69,23673,1806,0.575,0.58,246,0.595,0.57,0065
182,CHINHIN [S],5273,s,2.33,2.33,-,-,23445,247,2.32,2.33,3,2.35,2.28,5273
183,DSONIC [S],5216,s,0.42,0.425,-0.005,-1.18,22818,1203,0.42,0.425,15771,0.43,0.42,5216
184,SIMEPROP [S],5288,s,0.63,0.62,+0.010,+1.61,22715,2150,0.625,0.63,12810,0.635,0.62,5288
185,MCT [S],5182,,0.18,0.19,-0.010,-5.26,22685,1161,0.18,0.185,956,0.19,0.18,5182
186,3A [S],0012,,1.07,1.04,+0.030,+2.88,22473,1301,1.07,1.08,2896,1.08,1.04,0012
187,KPOWER [S],7130,,0.42,0.435,-0.015,-3.45,22239,1379,0.42,0.425,224,0.44,0.42,7130
188,ASTRO,6399,s,0.99,0.995,-0.005,-0.50,22022,810,0.985,0.99,2165,0.995,0.98,6399
189,DIGISTA,0029,,0.055,0.065,-0.010,-15.38,22020,79097,0.055,0.06,15058,0.065,0.055,0029
190,TSH [S],9059,s,1.1,1.11,-0.010,-0.90,21940,651,1.1,1.11,4688,1.13,1.1,9059
191,JADEM [S],7043,,0.685,0.7,-0.015,-2.14,21739,7107,0.68,0.685,1388,0.695,0.685,7043
192,MELEWAR [S],3778,,0.4,0.4,-,-,21687,49,0.395,0.4,47,0.415,0.395,3778
193,SINARAN,5172,,0.085,0.08,+0.005,+6.25,21546,113,0.08,0.085,53,0.085,0.075,5172
194,EDEN [S],7471,,0.165,0.165,-,-,21309,840,0.16,0.165,7990,0.165,0.16,7471
195,KAB-WA [S],0193WA,,0.04,0.045,-0.005,-11.11,21263,86341,0.04,0.045,28978,0.045,0.04,0193WA
196,IOICORP [S],1961,s,3.95,3.96,-0.010,-0.25,21159,3,3.94,3.95,153,4.02,3.87,1961
197,CAELY [S],7154,,0.36,0.365,-0.005,-1.37,20861,2415,0.355,0.36,682,0.37,0.355,7154
198,HTPADU [S],5028,,1.37,1.33,+0.040,+3.01,20724,180,1.37,1.38,420,1.39,1.34,5028
199,ELSOFT [S],0090,s,1.06,1.1,-0.040,-3.64,20661,156,1.06,1.08,523,1.11,1.05,0090
200,BENALEC [S],5190,,0.14,0.135,+0.005,+3.70,20601,19903,0.135,0.14,3015,0.14,0.135,5190
201,WELLCAL [S],7231,s,1.31,1.34,-0.030,-2.24,20558,956,1.31,1.32,253,1.38,1.31,7231
202,ICON [S],5255,,0.11,0.115,-0.005,-4.35,20485,28116,0.11,0.115,33848,0.115,0.11,5255
203,JKGLAND [S],6769,,0.1,0.1,-,-,20443,3676,0.095,0.1,15136,0.1,0.095,6769
204,NIHSIN [S],7215,,0.12,0.125,-0.005,-4.00,20346,7800,0.12,0.125,3468,0.125,0.12,7215
205,FITTERS [S],9318,,0.335,0.345,-0.010,-2.90,20269,10801,0.335,0.34,3360,0.345,0.335,9318
206,SIGN [S],7246,,1.36,1.35,+0.010,+0.74,20182,1015,1.36,1.37,262,1.39,1.35,7246
207,AXIATA [S],6888,s,3.83,3.83,-,-,19915,98,3.81,3.83,6943,3.83,3.79,6888
208,HEXTAR [S],5151,s,1.59,1.57,+0.020,+1.27,19915,370,1.58,1.59,730,1.6,1.56,5151
209,EPMB [S],7773,,1.0,1.04,-0.040,-3.85,19746,2733,1.0,1.01,2107,1.05,1.0,7773
210,SIMEPLT [S],5285,s,4.04,3.96,+0.080,+2.02,19567,284,4.02,4.04,3139,4.08,3.94,5285
211,SLVEST [S],0215,s,1.26,1.27,-0.010,-0.79,19297,163,1.24,1.26,521,1.27,1.22,0215
212,KEINHIN [S],7199,,1.08,1.15,-0.070,-6.09,19233,301,1.07,1.08,92,1.2,1.07,7199
213,THETA [S],9075,,0.71,0.74,-0.030,-4.05,19192,254,0.705,0.71,479,0.75,0.7,9075
214,SAUDEE-WB [S],5157WB,,0.03,0.03,-,-,18810,75693,0.025,0.03,66645,0.03,0.025,5157WB
215,ENCORP [S],6076,,0.335,0.365,-0.030,-8.22,18805,2392,0.335,0.34,241,0.36,0.335,6076
216,CNH [S],5104,,0.105,0.11,-0.005,-4.55,18552,486,0.1,0.105,4574,0.11,0.1,5104
217,IWCITY [S],1589,,0.36,0.36,-,-,18354,2005,0.36,0.365,3180,0.37,0.355,1589
218,KGB-WB [S],0151WB,,0.735,0.77,-0.035,-4.55,18276,59,0.735,0.74,200,0.77,0.735,0151WB
219,STAR [S],6084,,0.345,0.335,+0.010,+2.99,18172,2850,0.335,0.345,199,0.345,0.34,6084
220,JCY [S],5161,s,0.31,0.325,-0.015,-4.62,18065,4435,0.31,0.315,3226,0.33,0.31,5161
221,UZMA [S],7250,,0.485,0.485,-,-,18062,208,0.48,0.485,528,0.495,0.475,7250
222,JIANKUN [S],8923,,0.26,0.275,-0.015,-5.45,17963,1385,0.25,0.26,210,0.275,0.25,8923
223,FGV [S],5222,s,1.49,1.49,-,-,17950,3837,1.48,1.49,618,1.5,1.48,5222
224,ASB [S],1481,,0.115,0.115,-,-,17624,69381,0.11,0.115,5761,0.115,0.115,1481
225,PERMAJU-PA,7080PA,,0.015,0.015,-,-,17500,526149,0.01,0.015,18330,0.015,0.015,7080PA
226,GAMUDA [S],5398,s,2.92,2.91,+0.010,+0.34,17471,904,2.92,2.93,90,2.94,2.9,5398
227,MYNEWS,5275,s,0.87,0.855,+0.015,+1.75,17450,3870,0.87,0.875,772,0.88,0.855,5275
228,COASTAL,5071,,1.74,1.76,-0.020,-1.14,17406,712,1.73,1.74,93,1.8,1.69,5071
229,EATECH [S],5259,,0.09,0.095,-0.005,-5.26,17311,5071,0.085,0.09,1643,0.1,0.085,5259
230,TM [S],4863,s,5.33,5.3,+0.030,+0.57,17121,440,5.32,5.33,107,5.35,5.24,4863
231,BSTEAD [S],2771,s,0.565,0.555,+0.010,+1.80,16894,1808,0.56,0.565,278,0.57,0.55,2771
232,EVERGRN [S],5101,,0.565,0.565,-,-,16865,712,0.56,0.565,977,0.575,0.56,5101
233,BAUTO [S],5248,s,1.67,1.69,-0.020,-1.18,16415,949,1.67,1.68,42,1.69,1.67,5248
234,WCEHB,3565,s,0.32,0.325,-0.005,-1.54,16382,283,0.32,0.325,1500,0.32,0.315,3565
235,BORNOIL [S],7036,,0.03,0.03,-,-,16376,2663013,0.025,0.03,688513,0.03,0.025,7036
236,NICE [S],7139,,0.145,0.14,+0.005,+3.57,16255,15069,0.14,0.145,940,0.15,0.14,7139
237,GIIB-WA [S],7192WA,,0.03,0.035,-0.005,-14.29,16152,1960,0.03,0.035,18009,0.03,0.03,7192WA
238,MFCB [S],3069,s,3.6,3.59,+0.010,+0.28,15959,70,3.57,3.6,148,3.62,3.56,3069
239,MAHSING [S],8583,s,0.715,0.71,+0.005,+0.70,15958,300,0.71,0.715,10200,0.715,0.705,8583
240,TOPBLDS [S],5268,,0.04,0.035,+0.005,+14.29,15862,96,0.035,0.04,81594,0.04,0.035,5268
241,AGES-PA,7145PA,,0.01,0.015,-0.005,-33.33,15820,84249,0.010,0.015,291734,0.01,0.01,7145PA
242,PESTECH [S],5219,s,0.755,0.76,-0.005,-0.66,15732,5006,0.755,0.76,942,0.76,0.75,5219
243,ECOWLD [S],8206,s,0.88,0.88,-,-,15715,1294,0.880,0.885,748,0.89,0.875,8206
244,HPMT [S],5291,,0.67,0.685,-0.015,-2.19,15706,411,0.670,0.675,650,0.695,0.66,5291
245,MSM [S],5202,s,1.26,1.3,-0.040,-3.08,15585,77,1.260,1.27,655,1.3,1.26,5202
246,SALCON [S],8567,,0.25,0.245,+0.005,+2.04,15514,635,0.245,0.25,2219,0.25,0.245,8567
247,GADANG [S],9261,,0.365,0.365,-,-,15082,6659,0.360,0.365,5290,0.375,0.365,9261
248,ECONBHD [S],5253,s,0.34,0.345,-0.005,-1.45,15028,4281,0.335,0.34,1384,0.345,0.335,5253
249,FPGROUP [S],5277,,0.605,0.63,-0.025,-3.97,15015,675,0.605,0.61,746,0.635,0.6,5277
250,JETSON [S],9083,,0.215,0.215,-,-,14921,930,0.210,0.215,2976,0.215,0.205,9083
251,PJBUMI [S],7163,,0.37,0.4,-0.030,-7.50,14856,150,0.370,0.375,53,0.41,0.37,7163
252,KARYON [S],0054,,0.23,0.235,-0.005,-2.13,14662,3131,0.225,0.23,4895,0.23,0.225,0054
253,CENSOF [S],5195,,0.33,0.335,-0.005,-1.49,14371,5373,0.325,0.33,2083,0.34,0.325,5195
254,KPJ [S],5878,s,1.05,1.04,+0.010,+0.96,14156,12631,1.040,1.05,3196,1.06,1.04,5878
255,KOMARK-WC [S],7017WC,,0.04,0.04,-,-,14139,37916,0.035,0.04,3940,0.045,0.035,7017WC
256,COMPLET,5136,,2.86,2.63,+0.230,+8.75,14085,120,2.860,2.9,10,3.0,2.65,5136
257,BJCORP-WB,3395WB,,0.005,0.005,-,-,14080,-,-,0.005,102454,0.005,0.005,3395WB
258,AWC [S],7579,,0.575,0.585,-0.010,-1.71,14042,1595,0.570,0.575,131,0.59,0.57,7579
259,HLBANK,5819,s,20.0,19.7,+0.300,+1.52,13956,5,19.760,20.0,4035,20.0,19.64,5819
260,SAMCHEM,5147,,0.88,0.895,-0.015,-1.68,13845,50,0.880,0.885,938,0.9,0.87,5147
261,JTIASA [S],4383,s,0.66,0.65,+0.010,+1.54,13383,647,0.65,0.66,937,0.665,0.65,4383
262,PHARMA [S],7081,s,0.785,0.79,-0.005,-0.63,12975,126,0.785,0.79,122,0.8,0.785,7081
263,MFLOUR [S],3662,s,0.645,0.65,-0.005,-0.77,12960,465,0.645,0.65,600,0.665,0.645,3662
264,PRESTAR [S],9873,,0.645,0.635,+0.010,+1.57,12861,56,0.645,0.65,1563,0.65,0.64,9873
265,MAXIS [S],6012,s,4.58,4.58,-,-,12813,130,4.54,4.58,397,4.58,4.52,6012
266,ADVENTA [S],7191,,1.01,1.02,-0.010,-0.98,12789,161,1.0,1.01,255,1.02,0.99,7191
267,PICORP [S],7201,,0.11,0.115,-0.005,-4.35,12703,20,0.11,0.115,4620,0.115,0.105,7201
268,ACME-WA [S],7131WA,,0.085,0.095,-0.010,-10.53,12291,987,0.085,0.09,2049,0.09,0.08,7131WA
269,MESB-WA [S],7234WA,,0.23,0.235,-0.005,-2.13,12076,1290,0.23,0.245,100,0.265,0.23,7234WA
270,LAYHONG [S],9385,,0.26,0.26,-,-,12005,266,0.26,0.265,895,0.265,0.26,9385
271,GBGAQRS [S],5226,,0.45,0.445,+0.005,+1.12,11982,710,0.44,0.45,3074,0.45,0.44,5226
272,MRCB [S],1651,s,0.375,0.38,-0.005,-1.32,11781,7127,0.37,0.375,3898,0.38,0.37,1651
273,WOODLAN [S],7025,,1.11,1.16,-0.050,-4.31,11673,277,1.11,1.12,45,1.22,1.1,7025
274,DOMINAN [S],7169,,1.23,1.23,-,-,11646,84,1.23,1.24,1236,1.27,1.19,7169
275,L&G [S],3174,,0.11,0.11,-,-,11413,100440,0.105,0.11,4184,0.11,0.11,3174
276,COMFORT [S],2127,s,1.04,1.07,-0.030,-2.80,11160,132,1.04,1.05,380,1.07,1.03,2127
277,TAWIN-WA [S],7097WA,,0.045,0.045,-,-,11060,6747,0.04,0.045,9248,0.045,0.04,7097WA
278,DPHARMA [S],7148,s,1.6,1.63,-0.030,-1.84,11022,580,1.6,1.61,430,1.64,1.6,7148
279,TALIWRK [S],8524,s,0.89,0.885,+0.005,+0.56,10832,520,0.89,0.895,1956,0.895,0.875,8524
280,DIGI [S],6947,s,4.08,4.08,-,-,10730,20,4.06,4.08,500,4.09,4.04,6947
281,JOE,7096,,0.035,0.035,-,-,10701,356699,0.030,0.035,38963,0.035,0.035,7096
282,KENANGA,6483,s,1.16,1.18,-0.020,-1.69,10659,100,1.150,1.16,47,1.18,1.14,6483
283,COCOLND [S],7205,,1.12,1.07,+0.050,+4.67,10636,5,1.120,1.13,379,1.12,1.06,7205
284,AXTERIA [S],7120,,0.235,0.24,-0.005,-2.08,10592,9883,0.235,0.24,3285,0.245,0.235,7120
285,UWC [S],5292,s,5.45,5.59,-0.140,-2.50,10425,77,5.450,5.49,23,5.62,5.44,5292
286,CMSB [S],2852,s,1.27,1.29,-0.020,-1.55,10339,1241,1.270,1.28,326,1.3,1.27,2852
287,MYTECH,7692,,0.795,0.815,-0.020,-2.45,10334,775,0.795,0.8,16,0.835,0.795,7692
288,WILLOW,0008,,0.395,0.405,-0.010,-2.47,10294,1577,0.395,0.4,289,0.41,0.395,0008
289,OWG [S],5260,,0.505,0.495,+0.010,+2.02,9978,233,0.505,0.51,1040,0.51,0.495,5260
290,UEMS [S],5148,s,0.34,0.345,-0.005,-1.45,9959,5694,0.335,0.34,1407,0.345,0.335,5148
291,MTRONIC [S],0043,,0.02,0.02,-,-,9879,610700,0.020,0.025,187746,0.025,0.02,0043
292,AEM-WB [S],7146WB,,0.015,0.015,-,-,9832,7168,0.015,0.02,49323,0.015,0.015,7146WB
293,DIGISTA-WC,0029WC,,0.02,0.025,-0.005,-20.00,9817,51094,0.020,0.025,8361,0.025,0.02,0029WC
294,MKLAND [S],8893,,0.185,0.185,-,-,9817,13772,0.185,0.19,4824,0.195,0.185,8893
295,JAKS-WC [S],4723WC,,0.19,0.195,-0.005,-2.56,9688,4162,0.185,0.19,4758,0.195,0.185,4723WC
296,DUFU [S],7233,s,3.85,4.0,-0.150,-3.75,9650,2596,3.850,3.86,85,4.04,3.82,7233
297,PHB-WB [S],4464WB,,0.005,0.005,-,-,9630,-,-,0.005,1697844,0.005,0.005,4464WB
298,IPMUDA [S],5673,,1.87,1.9,-0.030,-1.58,9619,9,1.860,1.87,247,1.94,1.84,5673
299,HIGHTEC [S],7033,,1.24,1.28,-0.040,-3.13,9323,48,1.240,1.26,135,1.3,1.23,7033
300,SASBADI [S],5252,,0.145,0.145,-,-,9267,8520,0.140,0.145,1073,0.145,0.145,5252
301,FM [S],7210,,0.84,0.84,-,-,9085,663,0.835,0.84,21,0.85,0.835,7210
302,BURSA [S],1818,s,6.38,6.4,-0.020,-0.31,8993,174,6.37,6.38,693,6.46,6.37,1818
303,GIIB [S],7192,,0.135,0.145,-0.010,-6.90,8990,3490,0.135,0.14,3763,0.14,0.135,7192
304,COMFORT-WB [S],2127WB,,0.22,0.225,-0.005,-2.22,8977,2330,0.215,0.22,1156,0.225,0.22,2127WB
305,NTPM [S],5066,s,0.48,0.49,-0.010,-2.04,8889,202,0.48,0.485,560,0.485,0.48,5066
306,PTRANS-WB [S],0186WB,,0.165,0.16,+0.005,+3.13,8858,3109,0.16,0.165,3429,0.17,0.16,0186WB
307,AWANTEC [S],5204,s,0.67,0.67,-,-,8724,1000,0.655,0.67,849,0.67,0.65,5204
308,MSC,5916,s,3.38,3.4,-0.020,-0.59,8637,37,3.38,3.4,146,3.5,3.36,5916
309,HONGSENG [S],0041,s,2.75,2.83,-0.080,-2.83,8562,126,2.74,2.75,658,2.83,2.71,0041
310,MMSV [S],0113,,0.99,1.01,-0.020,-1.98,8458,381,0.985,0.99,30,1.03,0.98,0113
311,IQZAN [S],7183,,0.05,0.05,-,-,8326,10000,0.045,0.05,1998,0.05,0.045,7183
312,TEXCHEM,8702,,1.28,1.29,-0.010,-0.78,8268,24,1.28,1.29,200,1.33,1.27,8702
313,MAYBULK,5077,s,0.55,0.555,-0.005,-0.90,8163,2710,0.55,0.555,511,0.555,0.55,5077
314,HOOVER [S],7010,,1.13,1.11,+0.020,+1.80,7948,954,1.13,1.14,50,1.15,1.07,7010
315,CHGP [S],7187,,0.94,0.95,-0.010,-1.05,7937,341,0.94,0.955,832,0.96,0.94,7187
316,YTLREIT,5109,s,0.895,0.905,-0.010,-1.10,7852,1174,0.895,0.905,120,0.9,0.895,5109
317,POS [S],4634,s,0.68,0.68,-,-,7788,64,0.67,0.68,18,0.685,0.66,4634
318,CNASIA,7986,,0.45,0.46,-0.010,-2.17,7778,1184,0.45,0.455,3,0.465,0.45,7986
319,NOTION-WC [S],0083WC,,0.15,0.175,-0.025,-14.29,7610,19814,0.15,0.165,300,0.175,0.15,0083WC
320,AIRPORT,5014,s,6.03,6.11,-0.080,-1.31,7536,137,5.95,6.03,119,6.15,5.96,5014
321,WZSATU-PA,7245PA,,0.21,0.22,-0.010,-4.55,7520,1330,0.21,0.215,900,0.215,0.21,7245PA
322,DAYA,0091,,0.015,0.01,+0.005,+50.00,7500,698518,0.01,0.015,447634,0.015,0.01,0091
323,TRIVE-WC,0118WC,,0.03,0.03,-,-,7420,52635,0.03,0.035,41832,0.035,0.03,0118WC
324,HEKTAR,5121,,0.46,0.46,-,-,7334,1935,0.455,0.46,7,0.465,0.46,5121
325,UCHITEC [S],7100,s,3.08,3.06,+0.020,+0.65,7232,50,3.06,3.08,122,3.09,3.04,7100
326,GLOTEC [S],5220,,0.555,0.555,-,-,7229,176,0.555,0.565,991,0.565,0.555,5220
327,MRDIY [S],5296,s,3.74,3.75,-0.010,-0.27,7213,31,3.73,3.74,1328,3.76,3.72,5296
328,KUB [S],6874,,0.66,0.675,-0.015,-2.22,7182,916,0.655,0.66,716,0.675,0.66,6874
329,SKPRES-WB [S],7155WB,,0.17,0.175,-0.005,-2.86,7167,9857,0.17,0.175,6062,0.175,0.17,7155WB
330,CWG [S],9423,,0.465,0.465,-,-,7166,2557,0.465,0.47,786,0.475,0.465,9423
331,GHLSYS [S],0021,s,1.77,1.75,+0.020,+1.14,7160,260,1.76,1.77,184,1.78,1.76,0021
332,LEONFB [S],5232,,0.92,0.915,+0.005,+0.55,7141,300,0.91,0.92,800,0.925,0.905,5232
333,XL [S],7121,,0.755,0.74,+0.015,+2.03,7126,289,0.75,0.755,220,0.755,0.74,7121
334,REACH,5256,,0.07,0.075,-0.005,-6.67,7054,105831,0.065,0.07,796,0.07,0.07,5256
335,GPACKET-WB [S],0082WB,,0.035,0.035,-,-,7016,667,0.035,0.04,8477,0.035,0.035,0082WB
336,SCABLE [S],5170,,0.195,0.2,-0.005,-2.50,6997,15,0.195,0.2,3237,0.2,0.19,5170
337,INSAS-WC,3379WC,,0.34,0.335,+0.005,+1.49,6909,1931,0.335,0.34,200,0.35,0.34,3379WC
338,SUNCON [S],5263,s,1.5,1.49,+0.010,+0.67,6889,970,1.49,1.5,1389,1.5,1.49,5263
339,SKBSHUT [S],7115,,0.65,0.67,-0.020,-2.99,6878,411,0.65,0.655,200,0.665,0.64,7115
340,AEON [S],6599,s,1.4,1.43,-0.030,-2.10,6797,282,1.39,1.4,1346,1.44,1.39,6599
341,REX [S],9946,,0.245,0.245,-,-,6694,2734,0.245,0.25,1135,0.25,0.245,9946
342,BJLAND,4219,s,0.225,0.22,+0.005,+2.27,6664,443,0.225,0.23,4188,0.23,0.22,4219
343,MBL [S],5152,,0.45,0.46,-0.010,-2.17,6657,1350,0.445,0.45,1911,0.46,0.445,5152
344,LCTITAN [S],5284,s,2.36,2.4,-0.040,-1.67,6617,201,2.35,2.36,1095,2.4,2.35,5284
345,INSAS,3379,s,0.935,0.945,-0.010,-1.06,6577,784,0.935,0.94,200,0.955,0.935,3379
346,SCGM [S],7247,,2.23,2.22,+0.010,+0.45,6553,601,2.23,2.24,15,2.29,2.22,7247
347,WCT [S],9679,s,0.525,0.53,-0.005,-0.94,6551,5331,0.52,0.525,1351,0.53,0.52,9679
348,DSONIC-WA [S],5216WA,,0.13,0.13,-,-,6532,11590,0.125,0.13,4106,0.13,0.125,5216WA
349,PA-WB [S],7225WB,,0.285,0.285,-,-,6487,843,0.285,0.295,3200,0.3,0.285,7225WB
350,ALCOM,2674,,0.88,0.86,+0.020,+2.33,6474,9,0.885,0.9,240,0.92,0.88,2674
351,EG [S],8907,,0.585,0.59,-0.005,-0.85,6459,28,0.585,0.59,1200,0.585,0.58,8907
352,ULICORP [S],7133,,1.25,1.28,-0.030,-2.34,6437,29,1.25,1.27,100,1.32,1.23,7133
353,SNC [S],7943,,0.55,0.535,+0.015,+2.80,6405,200,0.545,0.55,812,0.55,0.535,7943
354,PPB [S],4065,s,16.8,16.66,+0.140,+0.84,6215,1,16.7,16.8,851,16.8,16.54,4065
355,HWATAI [S],8478,,0.675,0.66,+0.015,+2.27,6211,442,0.675,0.68,250,0.68,0.66,8478
356,AXREIT [S],5106,s,1.88,1.86,+0.020,+1.08,6198,1103,1.86,1.88,575,1.89,1.85,5106
357,IMASPRO [S],7222,,2.56,2.59,-0.030,-1.16,6148,97,2.55,2.56,2,2.58,2.54,7222
358,MASTEEL-WB [S],5098WB,,0.125,0.13,-0.005,-3.85,6126,1537,0.12,0.125,1450,0.13,0.12,5098WB
359,TDM [S],2054,,0.235,0.24,-0.005,-2.08,6113,4035,0.23,0.235,1734,0.24,0.23,2054
360,MARCO,3514,,0.15,0.15,-,-,6048,655,0.15,0.155,10937,0.15,0.15,3514
361,MHB [S],5186,s,0.415,0.41,+0.005,+1.22,5946,1298,0.41,0.415,559,0.42,0.41,5186
362,KAREX [S],5247,s,0.435,0.43,+0.005,+1.16,5897,246,0.43,0.435,758,0.435,0.425,5247
363,SENDAI [S],5205,,0.19,0.19,-,-,5844,2886,0.19,0.195,728,0.2,0.19,5205
364,HBGLOB,5187,,0.2,0.195,+0.005,+2.56,5781,794,0.195,0.2,34060,0.2,0.195,5187
365,IREKA [S],8834,,0.775,0.785,-0.010,-1.27,5754,2220,0.77,0.775,452,0.78,0.765,8834
366,PETGAS [S],6033,s,17.16,16.88,+0.280,+1.66,5754,1,16.98,17.16,141,17.16,16.8,6033
367,EMICO [S],9091,,0.32,0.33,-0.010,-3.03,5712,4705,0.32,0.325,899,0.33,0.32,9091
368,PAOS [S],5022,,0.32,0.33,-0.010,-3.03,5668,3042,0.32,0.325,399,0.33,0.32,5022
369,MELEWAR-WB [S],3778WB,,0.145,0.16,-0.015,-9.38,5619,3634,0.145,0.15,188,0.16,0.145,3778WB
370,LBS [S],5789,s,0.5,0.505,-0.005,-0.99,5573,383,0.5,0.505,300,0.51,0.5,5789
371,PIE [S],7095,s,3.4,3.53,-0.130,-3.68,5568,607,3.4,3.41,227,3.53,3.4,7095
372,TIMECOM [S],5031,s,4.5,4.45,+0.050,+1.12,5460,90,4.48,4.5,607,4.54,4.45,5031
373,HAPSENG,3034,s,7.66,7.6,+0.060,+0.79,5457,300,7.65,7.66,75,7.69,7.6,3034
374,LEESK [S],8079,,0.81,0.78,+0.030,+3.85,5453,358,0.81,0.825,100,0.855,0.805,8079
375,GLOMAC [S],5020,,0.33,0.33,-,-,5387,652,0.32,0.33,2,0.33,0.315,5020
376,MISC [S],3816,s,6.99,7.0,-0.010,-0.14,5353,133,6.98,6.99,866,7.01,6.96,3816
377,SYMLIFE [S],1538,,0.46,0.47,-0.010,-2.13,5255,2625,0.46,0.465,500,0.47,0.46,1538
378,FAJAR [S],7047,,0.35,0.355,-0.005,-1.41,5250,3207,0.35,0.355,1060,0.36,0.35,7047
379,GUOCO,1503,s,0.73,0.725,+0.005,+0.69,5236,170,0.72,0.73,1163,0.73,0.725,1503
380,GDEX [S],0078,s,0.285,0.29,-0.005,-1.72,5212,4756,0.285,0.29,6348,0.29,0.285,0078
381,HEVEA [S],5095,,0.47,0.465,+0.005,+1.08,5170,1977,0.47,0.475,600,0.48,0.47,5095
382,CYPARK [S],5184,s,0.88,0.895,-0.015,-1.68,5149,825,0.88,0.885,100,0.895,0.88,5184
383,SCNWOLF-WA [S],7239WA,,0.305,0.3,+0.005,+1.67,5142,329,0.305,0.31,100,0.315,0.295,7239WA
384,EDARAN [S],5036,,0.71,0.725,-0.015,-2.07,5113,170,0.71,0.715,127,0.72,0.705,5036
385,CBIP [S],7076,s,1.25,1.23,+0.020,+1.63,5093,10,1.23,1.25,190,1.25,1.22,7076
386,DNONCE [S],7114,,0.325,0.335,-0.010,-2.99,5079,1809,0.325,0.335,900,0.335,0.325,7114
387,ANCOM [S],4758,,3.26,3.26,-,-,5016,4,3.26,3.28,31,3.31,3.24,4758
388,OSK,5053,s,0.905,0.9,+0.005,+0.56,5000,887,0.9,0.91,437,0.91,0.9,5053
389,MKH [S],6114,s,1.24,1.23,+0.010,+0.81,4895,1533,1.23,1.24,797,1.24,1.23,6114
390,LHI,6633,s,0.605,0.61,-0.005,-0.82,4870,245,0.605,0.61,1379,0.615,0.605,6633
391,RESINTC [S],7232,,0.86,0.87,-0.010,-1.15,4861,21,0.86,0.865,28,0.88,0.86,7232
392,NYLEX [S],4944,,1.57,1.61,-0.040,-2.48,4771,611,1.56,1.57,51,1.62,1.56,4944
393,AME [S],5293,s,1.88,1.8,+0.080,+4.44,4763,39,1.88,1.89,170,1.88,1.8,5293
394,RGB,0037,,0.12,0.12,-,-,4763,131966,0.115,0.12,38987,0.12,0.115,0037
395,SALUTE [S],0183,,0.545,0.55,-0.005,-0.91,4756,118,0.54,0.545,242,0.55,0.535,0183
396,INNO [S],6262,s,1.32,1.31,+0.010,+0.76,4688,934,1.32,1.34,949,1.34,1.31,6262
397,IOIPG [S],5249,s,1.06,1.08,-0.020,-1.85,4688,2893,1.05,1.06,708,1.08,1.06,5249
398,BDB [S],6173,,0.62,0.645,-0.025,-3.88,4679,888,0.62,0.625,300,0.635,0.62,6173
399,CHHB-WB [S],5738WB,,0.33,0.355,-0.025,-7.04,4572,25,0.33,0.34,158,0.35,0.33,5738WB
400,VELESTO-WA [S],5243WA,,0.05,0.05,-,-,4536,28030,0.05,0.055,25317,0.05,0.05,5243WA
401,SYF [S],7082,,0.31,0.315,-0.005,-1.59,4527,4918,0.305,0.315,1733,0.315,0.305,7082
402,SHANG,5517,s,3.39,3.47,-0.080,-2.31,4488,15,3.39,3.4,80,3.44,3.38,5517
403,SYCAL,9717,,0.17,0.185,-0.015,-8.11,4457,2000,0.175,0.18,1943,0.195,0.17,9717
404,POHKONG [S],5080,,0.81,0.795,+0.015,+1.89,4448,466,0.805,0.81,1002,0.81,0.8,5080
405,BIG [S],7005,,0.845,0.845,-,-,4422,42,0.845,0.85,238,0.86,0.83,7005
406,BPPLAS [S],5100,,1.47,1.48,-0.010,-0.68,4360,128,1.46,1.47,11,1.5,1.46,5100
407,ZELAN [S],2283,,0.095,0.095,-,-,4337,57165,0.09,0.095,10962,0.095,0.09,2283
408,CHHB [S],5738,,1.5,1.51,-0.010,-0.66,4314,13,1.5,1.51,50,1.52,1.48,5738
409,PNEPCB-WB [S],6637WB,,0.03,0.03,-,-,4281,7209,0.025,0.03,36,0.035,0.03,6637WB
410,WTK [S],4243,,0.48,0.475,+0.005,+1.05,4271,19,0.47,0.48,1648,0.48,0.47,4243
411,TAANN [S],5012,s,3.41,3.42,-0.010,-0.29,4261,23,3.4,3.41,51,3.45,3.4,5012
412,DRBHCOM [S],1619,s,1.5,1.49,+0.010,+0.67,4249,50,1.49,1.5,3,1.51,1.48,1619
413,INNATURE [S],5295,,0.695,0.705,-0.010,-1.42,4204,405,0.695,0.7,100,0.72,0.69,5295
414,UMW [S],4588,s,3.01,3.0,+0.010,+0.33,4166,55,2.99,3.01,589,3.03,2.99,4588
415,KIALIM [S],6211,,0.49,0.5,-0.010,-2.00,4138,760,0.485,0.49,60,0.505,0.485,6211
416,CAB [S],7174,,0.52,0.525,-0.005,-0.95,4118,2331,0.52,0.525,325,0.525,0.52,7174
417,SUCCESS [S],7207,,0.795,0.79,+0.005,+0.63,4113,1700,0.785,0.795,325,0.795,0.785,7207
418,TUNEPRO,5230,,0.41,0.41,-,-,4104,4503,0.405,0.41,1684,0.41,0.405,5230
419,RCECAP [S],9296,s,1.87,1.9,-0.030,-1.58,4058,28,1.87,1.89,105,1.92,1.86,9296
420,SCGBHD [S],0225,,0.4,0.41,-0.010,-2.44,4029,1688,0.4,0.405,1174,0.405,0.4,0225
421,ASIAPAC,4057,,0.125,0.125,-,-,3940,49046,0.12,0.125,2578,0.125,0.12,4057
422,KLK [S],2445,s,21.8,21.78,+0.020,+0.09,3919,44,21.76,21.8,884,21.98,21.76,2445
423,E&O [S],3417,s,0.615,0.62,-0.005,-0.81,3917,2300,0.605,0.615,887,0.62,0.6,3417
424,MUDAJYA-WA,5085WA,,0.06,0.065,-0.005,-7.69,3900,19028,0.055,0.06,1,0.06,0.06,5085WA
425,MATRIX [S],5236,s,2.24,2.25,-0.010,-0.44,3898,53,2.23,2.24,654,2.27,2.22,5236
426,THPLANT [S],5112,,0.64,0.65,-0.010,-1.54,3880,579,0.64,0.65,2000,0.66,0.64,5112
427,PANSAR-PA,8419PA,,0.42,0.42,-,-,3875,625,0.42,0.445,500,0.42,0.42,8419PA
428,SYSCORP [S],5173,,0.345,0.34,+0.005,+1.47,3789,4321,0.335,0.345,1647,0.345,0.34,5173
429,PRLEXUS-WB [S],8966WB,,0.14,0.145,-0.005,-3.45,3763,608,0.14,0.15,180,0.145,0.14,8966WB
430,TALAMT [S],2259,,0.02,0.02,-,-,3700,346018,0.02,0.025,144616,0.025,0.02,2259
431,VERTICE [S],7240,,0.245,0.24,+0.005,+2.08,3671,1355,0.24,0.245,163,0.25,0.235,7240
432,SLP [S],7248,,0.925,0.925,-,-,3645,140,0.895,0.925,99,0.935,0.885,7248
433,MFLOUR-WC [S],3662WC,,0.195,0.195,-,-,3610,240,0.19,0.195,51,0.195,0.195,3662WC
434,TOMYPAK [S],7285,,0.41,0.41,-,-,3519,2125,0.405,0.41,717,0.41,0.405,7285
435,KYM [S],8362,,0.4,0.41,-0.010,-2.44,3485,343,0.4,0.41,663,0.41,0.4,8362
436,SLVEST-WA [S],0215WA,,0.47,0.49,-0.020,-4.08,3434,212,0.47,0.48,199,0.49,0.465,0215WA
437,PRLEXUS [S],8966,,0.425,0.435,-0.010,-2.30,3424,692,0.425,0.445,150,0.44,0.425,8966
438,EWINT [S],5283,s,0.435,0.435,-,-,3399,3252,0.43,0.435,217,0.44,0.43,5283
439,ABLEGRP [S],7086,,0.125,0.125,-,-,3380,3345,0.12,0.125,2290,0.13,0.125,7086
440,YKGI [S],7020,,0.17,0.17,-,-,3345,2180,0.165,0.17,352,0.17,0.165,7020
441,XDL,5156,,0.04,0.04,-,-,3330,381548,0.04,0.045,149485,0.045,0.04,5156
442,VIZIONE-WD [S],7070WD,,0.025,0.025,-,-,3272,26,0.025,0.03,13468,0.025,0.025,7070WD
443,VIZIONE [S],7070,,0.095,0.1,-0.005,-5.00,3226,19856,0.095,0.1,3603,0.1,0.095,7070
444,MCEMENT [S],3794,s,2.34,2.34,-,-,3205,94,2.31,2.34,2,2.36,2.3,3794
445,ARBB-PA,7181PA,,0.03,0.035,-0.005,-14.29,3139,154,0.03,0.035,21315,0.035,0.03,7181PA
446,KPS [S],5843,,0.75,0.725,+0.025,+3.45,3135,160,0.735,0.75,172,0.755,0.725,5843
447,JERASIA,8931,,0.145,0.135,+0.010,+7.41,3113,47,0.145,0.15,1600,0.145,0.14,8931
448,SSTEEL,5665,,0.82,0.845,-0.025,-2.96,3087,100,0.815,0.82,15,0.845,0.8,5665
449,FIHB [S],8605,,0.645,0.645,-,-,3039,701,0.64,0.645,627,0.65,0.64,8605
450,FAJAR-WC [S],7047WC,,0.115,0.115,-,-,3024,7766,0.115,0.12,6510,0.115,0.115,7047WC
451,FPI [S],9172,s,3.51,3.6,-0.090,-2.50,2994,505,3.5,3.51,157,3.65,3.51,9172
452,OCK [S],0172,s,0.45,0.45,-,-,2954,2332,0.45,0.455,1139,0.455,0.45,0172
453,GREENYB [S],0136,,0.27,0.27,-,-,2905,2080,0.265,0.27,1035,0.27,0.27,0136
454,YB [S],5048,,0.445,0.455,-0.010,-2.20,2896,383,0.44,0.445,112,0.45,0.43,5048
455,VSTECS [S],5162,,1.18,1.2,-0.020,-1.67,2862,51,1.18,1.19,800,1.19,1.18,5162
456,GDEX-WC [S],0078WC,,0.09,0.085,+0.005,+5.88,2808,4300,0.085,0.09,1073,0.09,0.085,0078WC
457,PCCS [S],6068,,0.45,0.455,-0.005,-1.10,2788,62,0.45,0.46,514,0.46,0.45,6068
458,MAGNUM,3859,s,1.91,1.93,-0.020,-1.04,2779,1165,1.9,1.91,310,1.94,1.91,3859
459,BPPLAS-WA [S],5100WA,,0.415,0.415,-,-,2759,599,0.41,0.425,74,0.44,0.41,5100WA
460,KPOWER-WA [S],7130WA,,0.095,0.1,-0.005,-5.00,2742,8692,0.095,0.1,1855,0.1,0.095,7130WA
461,HARBOUR [S],2062,,1.2,1.23,-0.030,-2.44,2736,959,1.2,1.22,100,1.23,1.2,2062
462,MUDAJYA,5085,,0.185,0.185,-,-,2733,11231,0.18,0.185,162,0.19,0.185,5085
463,CSH,7165,,0.115,0.115,-,-,2713,5220,0.11,0.115,8995,0.115,0.11,7165
464,KERJAYA [S],7161,s,1.15,1.2,-0.050,-4.17,2650,308,1.15,1.17,425,1.2,1.15,7161
465,IDEAL [S],9687,,1.37,1.33,+0.040,+3.01,2649,200,1.34,1.37,312,1.37,1.35,9687
466,SCOMIES [S],7045,,0.07,0.07,-,-,2649,250,0.065,0.07,1851,0.07,0.07,7045
467,MPI [S],3867,s,46.8,47.0,-0.200,-0.43,2635,2,46.8,46.98,1,47.5,46.36,3867
468,XL-WA [S],7121WA,,0.19,0.19,-,-,2620,2267,0.185,0.19,257,0.195,0.185,7121WA
469,AWANTEC-WA [S],5204WA,,0.335,0.36,-0.025,-6.94,2554,1053,0.335,0.345,100,0.34,0.335,5204WA
470,HENGYUAN [S],4324,s,3.91,3.91,-,-,2547,390,3.9,3.91,12,3.99,3.91,4324
471,UOAREIT,5110,s,1.14,1.15,-0.010,-0.87,2512,725,1.14,1.15,200,1.15,1.14,5110
472,LAGENDA [S],7179,s,1.33,1.34,-0.010,-0.75,2499,594,1.32,1.33,10,1.34,1.32,7179
473,WEGMANS [S],0197,,0.245,0.245,-,-,2400,1900,0.235,0.245,983,0.245,0.24,0197
474,BREM,8761,,1.16,1.15,+0.010,+0.87,2399,8080,1.15,1.17,2772,1.16,1.15,8761
475,PADINI [S],7052,s,3.0,3.01,-0.010,-0.33,2379,1040,2.96,3.0,608,3.02,2.97,7052
476,MNRB,6459,s,1.16,1.13,+0.030,+2.65,2363,18,1.16,1.17,241,1.17,1.13,6459
477,BJTOTO,1562,s,1.91,1.94,-0.030,-1.55,2356,403,1.91,1.92,635,1.94,1.91,1562
478,MYCRON [S],5087,,0.435,0.435,-,-,2301,700,0.42,0.435,249,0.44,0.435,5087
479,GDB [S],0198,s,0.445,0.45,-0.005,-1.11,2263,3310,0.445,0.455,695,0.45,0.445,0198
480,KLCC [S],5235SS,s,6.42,6.51,-0.090,-1.38,2245,71,6.42,6.51,32,6.54,6.42,5235SS
481,ATTA-WB [S],7099WB,,0.035,0.03,+0.005,+16.67,2239,471,0.035,0.04,1305,0.04,0.03,7099WB
482,KPPROP [S],7077,,0.635,0.635,-,-,2237,845,0.625,0.635,58,0.635,0.625,7077
483,GCB [S],5102,s,2.73,2.8,-0.070,-2.50,2164,41,2.73,2.74,3,2.8,2.73,5102
484,TEOSENG,7252,,0.81,0.8,+0.010,+1.25,2160,223,0.81,0.815,310,0.81,0.79,7252
485,LUXCHEM [S],5143,s,0.69,0.695,-0.005,-0.72,2148,2001,0.69,0.695,342,0.7,0.69,5143
486,ENGTEX [S],5056,,0.615,0.63,-0.015,-2.38,2084,129,0.615,0.62,12,0.63,0.61,5056
487,CHOOBEE [S],5797,,1.89,1.93,-0.040,-2.07,2082,27,1.89,1.91,50,1.94,1.87,5797
488,GCAP [S],7676,,0.535,0.53,+0.005,+0.94,2022,98,0.53,0.535,10,0.535,0.515,7676
489,PERDANA [S],7108,,0.13,0.125,+0.005,+4.00,2011,12764,0.12,0.13,18308,0.13,0.125,7108
490,DPS-WB [S],7198WB,,0.05,0.045,+0.005,+11.11,2001,12206,0.045,0.05,8376,0.05,0.045,7198WB
491,WASEONG [S],5142,s,0.645,0.66,-0.015,-2.27,1963,200,0.645,0.65,288,0.66,0.645,5142
492,RHONEMA-WA,5278WA,,0.2,0.215,-0.015,-6.98,1922,178,0.2,0.215,296,0.2,0.2,5278WA
493,TURIYA [S],4359,,0.21,0.22,-0.010,-4.55,1921,415,0.21,0.215,200,0.215,0.21,4359
494,PMCORP,4081,,0.13,0.125,+0.005,+4.00,1906,200,0.12,0.125,200,0.13,0.125,4081
495,MUIPROP [S],3913,,0.175,0.175,-,-,1904,733,0.175,0.18,1580,0.175,0.175,3913
496,SJC-WA [S],9431WA,,0.99,1.01,-0.020,-1.98,1897,50,0.95,0.99,200,1.01,0.99,9431WA
497,OKA [S],7140,,0.8,0.815,-0.015,-1.84,1893,300,0.8,0.815,38,0.82,0.8,7140
498,ALLIANZ-PA,1163PA,,13.2,13.18,+0.020,+0.15,1871,20,13.18,13.2,15,13.3,13.18,1163PA
499,SUNWAY-WB [S],5211WB,,0.405,0.405,-,-,1857,500,0.4,0.405,332,0.405,0.405,5211WB
500,IGBB,5606,s,1.93,1.97,-0.040,-2.03,1856,178,1.93,1.97,213,1.97,1.93,5606
501,F&N [S],3689,s,24.7,24.4,+0.300,+1.23,1855,182,24.4,24.7,41,24.7,24.34,3689
502,ALLIANZ,1163,s,13.26,13.26,-,-,1829,4,13.26,13.28,66,13.36,13.26,1163
503,TOMEI,7230,,0.915,0.905,+0.010,+1.10,1821,24,0.915,0.92,180,0.925,0.905,7230
504,HLFG,1082,s,18.56,18.7,-0.140,-0.75,1815,32,18.56,18.6,14,18.94,18.56,1082
505,M&G,5078,,0.08,0.08,-,-,1810,2340,0.075,0.08,200,0.08,0.075,5078
506,ECOHLDS [S],0059,,0.165,0.17,-0.005,-2.94,1764,3210,0.16,0.165,276,0.17,0.16,0059
507,ENGKAH-WB [S],7149WB,,0.125,0.135,-0.010,-7.41,1764,396,0.125,0.13,150,0.13,0.125,7149WB
508,PRTASCO [S],5070,,0.215,0.215,-,-,1714,2500,0.21,0.215,221,0.215,0.215,5070
509,IBHD-PA,4251PA,,0.3,0.3,-,-,1700,1955,0.3,0.305,400,0.3,0.3,4251PA
510,PUNCAK [S],6807,,0.33,0.335,-0.005,-1.49,1697,55,0.33,0.335,1614,0.34,0.33,6807
511,SUBUR,6904,,1.24,1.26,-0.020,-1.59,1653,290,1.24,1.25,95,1.28,1.23,6904
512,TGUAN [S],7034,s,2.85,2.87,-0.020,-0.70,1627,22,2.85,2.86,182,2.88,2.84,7034
513,JAYCORP [S],7152,,0.82,0.805,+0.015,+1.86,1616,513,0.815,0.82,80,0.835,0.815,7152
514,KOTRA [S],0002,,3.25,3.16,+0.090,+2.85,1613,224,3.25,3.28,55,3.28,3.15,0002
515,IGBCR,5299,,0.615,0.62,-0.005,-0.81,1593,1775,0.615,0.625,350,0.62,0.615,5299
516,OMESTI-WC [S],9008WC,,0.1,0.105,-0.005,-4.76,1592,268,0.1,0.105,442,0.1,0.1,9008WC
517,CSCSTEL [S],5094,s,1.32,1.34,-0.020,-1.49,1580,329,1.32,1.34,466,1.35,1.32,5094
518,EDGENTA [S],1368,s,1.66,1.68,-0.020,-1.19,1580,244,1.65,1.66,496,1.69,1.66,1368
519,NOVA,0201,,1.03,1.05,-0.020,-1.90,1574,25,1.02,1.03,44,1.06,1.01,0201
520,SCICOM,0099,,1.13,1.15,-0.020,-1.74,1552,999,1.13,1.14,481,1.15,1.13,0099
521,SENTRAL,5123,s,0.92,0.92,-,-,1551,76,0.915,0.92,992,0.92,0.915,5123
522,AXTERIA-WA [S],7120WA,,0.115,0.105,+0.010,+9.52,1550,100,0.11,0.115,100,0.115,0.11,7120WA
523,HSL [S],6238,s,1.34,1.34,-,-,1547,1811,1.34,1.35,1938,1.35,1.34,6238
524,BOILERM [S],0168,s,0.955,0.975,-0.020,-2.05,1541,210,0.955,0.97,324,0.98,0.955,0168
525,OLYMPIA,3018,,0.085,0.095,-0.010,-10.53,1540,11079,0.085,0.09,2354,0.09,0.085,3018
526,HOMERIZ [S],5160,,0.595,0.595,-,-,1534,1249,0.585,0.595,191,0.595,0.585,5160
527,RGTBHD-WB [S],9954WB,,0.55,0.59,-0.040,-6.78,1527,1000,0.535,0.55,511,0.585,0.55,9954WB
528,GOB [S],1147,,0.23,0.23,-,-,1518,27,0.23,0.235,565,0.23,0.225,1147
529,WMG,6378,,0.11,0.105,+0.005,+4.76,1510,1736,0.105,0.11,2517,0.11,0.105,6378
530,ARANK [S],7214,,0.565,0.575,-0.010,-1.74,1470,2000,0.56,0.565,210,0.58,0.565,7214
531,AWC-WA [S],7579WA,,0.17,0.165,+0.005,+3.03,1451,69,0.17,0.175,1800,0.17,0.17,7579WA
532,VITROX [S],0097,s,18.42,18.3,+0.120,+0.66,1451,61,18.42,18.52,10,18.7,18.32,0097
533,CHGP-WA [S],7187WA,,0.715,0.725,-0.010,-1.38,1441,500,0.705,0.73,400,0.735,0.715,7187WA
534,LUSTER-WB,5068WB,,0.06,0.065,-0.005,-7.69,1402,1898,0.06,0.07,900,0.07,0.06,5068WB
535,ATTA [S],7099,,0.405,0.435,-0.030,-6.90,1371,1,0.405,0.42,100,0.415,0.395,7099
536,SOLID [S],5242,,0.21,0.21,-,-,1371,11104,0.205,0.21,2178,0.21,0.205,5242
537,PESONA [S],8311,,0.24,0.235,+0.005,+2.13,1370,1682,0.23,0.24,592,0.24,0.23,8311
538,LIIHEN [S],7089,s,2.84,2.87,-0.030,-1.05,1368,209,2.84,2.85,338,2.86,2.83,7089
539,AZRB [S],7078,,0.225,0.23,-0.005,-2.17,1366,139,0.225,0.23,401,0.23,0.225,7078
540,SCIENTX [S],4731,s,4.86,4.89,-0.030,-0.61,1357,10,4.85,4.86,98,4.89,4.82,4731
541,MBL-WA [S],5152WA,,0.075,0.08,-0.005,-6.25,1349,753,0.075,0.085,200,0.08,0.075,5152WA
542,KSL [S],5038,s,0.675,0.675,-,-,1330,100,0.67,0.675,5,0.68,0.67,5038
543,HUMEIND,5000,s,1.05,1.1,-0.050,-4.55,1322,45,1.05,1.08,18,1.09,1.03,5000
544,CHINWEL [S],5007,,1.46,1.49,-0.030,-2.01,1316,84,1.46,1.49,184,1.49,1.45,5007
545,RANHILL [S],5272,s,0.555,0.555,-,-,1315,713,0.55,0.555,589,0.56,0.55,5272
546,KIMLUN-WA [S],5171WA,,0.14,0.15,-0.010,-6.67,1300,220,0.135,0.14,198,0.14,0.14,5171WA
547,ANZO-WB [S],9342WB,,0.02,0.025,-0.005,-20.00,1250,6000,0.015,0.025,1600,0.02,0.02,9342WB
548,CAMRES [S],7128,,0.355,0.36,-0.005,-1.39,1249,131,0.355,0.36,470,0.355,0.355,7128
549,COMPUGT [S],5037,,0.02,0.02,-,-,1231,418616,0.015,0.02,327231,0.02,0.015,5037
550,EMETALL [S],7217,,0.49,0.505,-0.015,-2.97,1218,257,0.49,0.5,500,0.5,0.49,7217
551,GESHEN,7197,,1.19,1.22,-0.030,-2.46,1209,118,1.17,1.19,103,1.2,1.17,7197
552,ADVCON [S],5281,,0.315,0.31,+0.005,+1.61,1205,400,0.31,0.32,620,0.315,0.31,5281
553,MPHBCAP,5237,s,1.28,1.3,-0.020,-1.54,1200,1200,1.27,1.28,18,1.32,1.28,5237
554,KMLOONG [S],5027,s,1.72,1.72,-,-,1194,287,1.7,1.72,1094,1.72,1.7,5027
555,ALAQAR [S],5116,s,1.13,1.15,-0.020,-1.74,1128,255,1.13,1.16,375,1.14,1.13,5116
556,LFECORP [S],7170,,0.135,0.14,-0.005,-3.57,1128,676,0.135,0.14,624,0.135,0.135,7170
557,PWROOT [S],7237,s,1.36,1.35,+0.010,+0.74,1128,193,1.35,1.36,14,1.37,1.34,7237
558,DUTALND,3948,,0.36,0.35,+0.010,+2.86,1110,200,0.355,0.36,1993,0.36,0.35,3948
559,HOMERIZ-WB [S],5160WB,,0.145,0.145,-,-,1100,857,0.14,0.145,2,0.145,0.14,5160WB
560,BJASSET-WB,3239WB,,0.03,0.03,-,-,1070,500,0.03,0.035,8950,0.03,0.03,3239WB
561,GENP [S],2291,s,6.85,6.76,+0.090,+1.33,1058,43,6.83,6.85,40,6.88,6.78,2291
562,SALCON-WB [S],8567WB,,0.07,0.07,-,-,1054,35727,0.065,0.07,1000,0.075,0.07,8567WB
563,SAM [S],9822,,21.88,22.78,-0.900,-3.95,1054,3,21.82,21.88,2,23.0,21.88,9822
564,IVORY [S],5175,,0.135,0.13,+0.005,+3.85,1048,326,0.13,0.135,1052,0.135,0.125,5175
565,OFI [S],7107,,0.92,0.925,-0.005,-0.54,1042,247,0.92,0.93,276,0.94,0.92,7107
566,CJCEN [S],7117,,0.575,0.575,-,-,1041,887,0.575,0.58,266,0.575,0.575,7117
567,IBHD,4251,,0.29,0.295,-0.005,-1.69,1038,8982,0.29,0.295,377,0.295,0.29,4251
568,HEIM,3255,s,21.4,21.28,+0.120,+0.56,1033,25,20.8,21.4,2,21.42,20.8,3255
569,MUIIND,3891,,0.07,0.07,-,-,1020,10658,0.07,0.075,32140,0.07,0.07,3891
570,PARAMON [S],1724,s,0.72,0.71,+0.010,+1.41,1020,30,0.715,0.72,215,0.72,0.705,1724
571,WZSATU-WB [S],7245WB,,0.115,0.125,-0.010,-8.00,1010,3489,0.115,0.12,133,0.12,0.115,7245WB
572,KHEESAN,6203,,0.125,0.13,-0.005,-3.85,1003,261,0.12,0.13,500,0.125,0.12,6203
573,AMFIRST,5120,,0.385,0.385,-,-,980,1231,0.385,0.39,3190,0.39,0.385,5120
574,RHONEMA,5278,,0.71,0.72,-0.010,-1.39,980,30,0.7,0.71,30,0.71,0.705,5278
575,MAGNI [S],7087,s,2.0,1.99,+0.010,+0.50,978,343,2.0,2.01,1,2.01,1.98,7087
576,PESTECH-WA [S],5219WA,,0.35,0.355,-0.005,-1.41,977,48,0.35,0.355,286,0.355,0.35,5219WA
577,TNLOGIS [S],8397,,0.8,0.8,-,-,969,56,0.8,0.815,200,0.8,0.795,8397
578,LITRAK [S],6645,s,3.77,3.77,-,-,960,16,3.77,3.8,169,3.8,3.77,6645
579,PECCA [S],5271,s,3.39,3.38,+0.010,+0.30,956,105,3.38,3.39,18,3.39,3.36,5271
580,YENHER,5300,,0.805,0.805,-,-,943,400,0.8,0.81,200,0.81,0.8,5300
581,KIPREIT,5280,,0.84,0.84,-,-,936,1998,0.84,0.845,5,0.845,0.84,5280
582,PETDAG [S],5681,s,19.72,19.74,-0.020,-0.10,932,1,19.48,19.72,128,19.72,19.44,5681
583,SOP [S],5126,s,3.6,3.57,+0.030,+0.84,930,65,3.56,3.6,102,3.62,3.55,5126
584,ABLEGLOB [S],7167,,1.65,1.65,-,-,929,40,1.64,1.65,9,1.66,1.64,7167
585,CANONE,5105,s,3.69,3.65,+0.040,+1.10,927,2,3.65,3.69,12,3.7,3.61,5105
586,HONGSENG-WB [S],0041WB,,0.37,0.385,-0.015,-3.90,921,435,0.37,0.375,313,0.385,0.37,0041WB
587,TECHBND [S],5289,,0.41,0.405,+0.005,+1.23,919,31,0.41,0.415,290,0.415,0.41,5289
588,RSAWIT [S],5113,,0.215,0.215,-,-,911,1119,0.215,0.22,2298,0.22,0.215,5113
589,NAIM [S],5073,,0.615,0.625,-0.010,-1.60,892,540,0.615,0.625,705,0.625,0.615,5073
590,CFM [S],8044,,0.605,0.62,-0.015,-2.42,887,4,0.605,0.62,150,0.615,0.605,8044
591,TROP [S],5401,s,1.06,1.06,-,-,856,254,1.05,1.06,840,1.06,1.04,5401
592,EWEIN [S],7249,,0.26,0.26,-,-,851,333,0.26,0.265,610,0.265,0.26,7249
593,ARREIT,5127,,0.67,0.675,-0.005,-0.74,842,108,0.67,0.675,259,0.68,0.665,5127
594,GETS [S],5079,s,1.22,1.23,-0.010,-0.81,837,176,1.18,1.22,191,1.25,1.18,5079
595,PANSAR,8419,,0.63,0.615,+0.015,+2.44,830,1267,0.61,0.63,238,0.63,0.61,8419
596,MALTON [S],6181,,0.5,0.505,-0.005,-0.99,824,642,0.495,0.5,1148,0.505,0.5,6181
597,MHC [S],5026,,0.94,0.945,-0.005,-0.53,820,413,0.94,0.96,130,0.96,0.935,5026
598,PAVREIT,5212,s,1.27,1.28,-0.010,-0.78,819,2063,1.26,1.27,39,1.28,1.26,5212
599,TIMWELL [S],7854,,0.635,0.645,-0.010,-1.55,815,1,0.63,0.635,3,0.65,0.63,7854
600,UOADEV [S],5200,s,1.65,1.66,-0.010,-0.60,804,784,1.65,1.66,35,1.68,1.65,5200
601,PETRONM [S],3042,s,4.4,4.4,-,-,792,18,4.4,4.48,62,4.48,4.4,3042
602,GASMSIA [S],5209,s,2.67,2.67,-,-,791,379,2.67,2.69,30,2.7,2.67,5209
603,POHUAT,7088,,1.37,1.37,-,-,790,30,1.37,1.38,10,1.37,1.36,7088
604,ANCOM-WB [S],4758WB,,2.32,2.33,-0.010,-0.43,778,23,2.33,2.35,54,2.35,2.32,4758WB
605,HUAYANG [S],5062,,0.255,0.26,-0.005,-1.92,774,466,0.255,0.265,385,0.26,0.255,5062
606,SERNKOU-WA [S],7180WA,,0.6,0.565,+0.035,+6.19,772,52,0.58,0.6,28,0.6,0.575,7180WA
607,TEKSENG [S],7200,,0.425,0.43,-0.005,-1.16,759,441,0.425,0.43,10,0.44,0.425,7200
608,SURIA [S],6521,,1.23,1.22,+0.010,+0.82,757,50,1.21,1.22,2,1.23,1.22,6521
609,PPHB [S],8273,,0.785,0.785,-,-,753,10,0.77,0.785,294,0.79,0.765,8273
610,EFFICEN,0064,,0.21,0.21,-,-,750,675,0.21,0.215,1440,0.215,0.21,0064
611,SNTORIA,5213,,0.175,0.18,-0.005,-2.78,750,600,0.165,0.17,205,0.18,0.17,5213
612,TITIJYA [S],5239,,0.255,0.255,-,-,746,685,0.25,0.255,184,0.26,0.25,5239
613,PENSONI [S],9997,,0.58,0.6,-0.020,-3.33,740,111,0.585,0.615,200,0.6,0.58,9997
614,PNEPCB-WA [S],6637WA,,0.065,0.06,+0.005,+8.33,734,100,0.05,0.07,1000,0.065,0.065,6637WA
615,BONIA [S],9288,,1.05,1.09,-0.040,-3.67,733,78,1.05,1.07,12,1.1,1.04,9288
616,UTDPLT [S],2089,s,14.08,14.1,-0.020,-0.14,713,11,14.08,14.1,1823,14.2,14.08,2089
617,CSCENIC [S],7202,,0.685,0.68,+0.005,+0.74,700,1090,0.68,0.685,46,0.685,0.685,7202
618,MITRA [S],9571,,0.25,0.25,-,-,700,810,0.25,0.255,2382,0.255,0.25,9571
619,OMH,5298,s,2.78,2.78,-,-,694,15,2.75,2.78,22,2.78,2.72,5298
620,YNHPROP [S],3158,,2.6,2.62,-0.020,-0.76,692,40,2.55,2.6,51,2.63,2.6,3158
621,PGLOBE [S],3611,,0.23,0.23,-,-,682,858,0.225,0.23,80,0.23,0.225,3611
622,SEG [S],9792,s,0.67,0.66,+0.010,+1.52,671,7,0.665,0.67,162,0.67,0.66,9792
623,PRTASCO-WA [S],5070WA,,0.025,0.025,-,-,663,5306,0.025,0.03,42,0.03,0.025,5070WA
624,SWKPLNT [S],5135,s,2.4,2.4,-,-,654,250,2.390,2.4,97,2.41,2.39,5135
625,WZSATU-WA [S],7245WA,,0.06,0.06,-,-,653,2398,0.060,0.065,1474,0.06,0.06,7245WA
626,AEONCR,5139,s,15.34,15.46,-0.120,-0.78,639,10,15.260,15.4,7,15.52,15.34,5139
627,ICON-WA [S],5255WA,,0.06,0.06,-,-,630,5881,0.060,0.065,5205,0.06,0.06,5255WA
628,CRESNDO [S],6718,,1.2,1.19,+0.010,+0.84,620,180,1.200,1.23,2,1.2,1.19,6718
629,LOTUS [S],8303,,0.21,0.21,-,-,610,100,0.205,0.215,290,0.215,0.21,8303
630,DANCO-WA [S],5276WA,,0.23,0.245,-0.015,-6.12,606,25,0.230,0.24,99,0.24,0.23,5276WA
631,YOCB [S],5159,,0.975,1.04,-0.065,-6.25,601,5,0.975,0.99,50,1.01,0.96,5159
632,REACH-WA,5256WA,,0.005,0.005,-,-,600,-,-,0.005,324814,0.005,0.005,5256WA
633,SHH [S],7412,,0.58,0.54,+0.040,+7.41,596,268,0.540,0.58,28,0.58,0.54,7412
634,PMBTECH [S],7172,s,12.68,12.76,-0.080,-0.63,591,16,12.560,12.66,36,12.98,12.56,7172
635,TPC [S],7176,,0.19,0.19,-,-,590,400,0.180,0.19,10,0.19,0.19,7176
636,LIONPSIM [S],8486,,0.565,0.54,+0.025,+4.63,584,1,0.560,0.565,128,0.57,0.55,8486
637,ARK [S],7007,,0.375,0.385,-0.010,-2.60,580,150,0.375,0.385,30,0.39,0.375,7007
638,MINHO [S],5576,,0.31,0.325,-0.015,-4.62,580,1302,0.310,0.32,520,0.32,0.31,5576
639,LTKM [S],7085,,1.36,1.36,-,-,573,230,1.350,1.36,42,1.36,1.36,7085
640,ATRIUM,5130,,1.5,1.49,+0.010,+0.67,562,245,1.480,1.5,704,1.5,1.48,5130
641,SMISCOR [S],7132,,0.645,0.66,-0.015,-2.27,557,200,0.645,0.68,31,0.65,0.64,7132
642,XINHWA [S],5267,,0.3,0.3,-,-,556,155,0.295,0.3,340,0.3,0.3,5267
643,RAPID,7765,,9.19,9.2,-0.010,-0.11,553,5,9.05,9.19,10,9.2,9.11,7765
644,MEDIA,4502,s,0.45,0.45,-,-,551,700,0.445,0.45,79,0.45,0.45,4502
645,TAS [S],5149,,0.255,0.265,-0.010,-3.77,551,769,0.255,0.26,100,0.265,0.255,5149
646,CRESBLD [S],8591,,0.53,0.535,-0.005,-0.93,550,33,0.53,0.535,430,0.535,0.525,8591
647,TMCLIFE [S],0101,s,0.545,0.545,-,-,550,9,0.54,0.545,1997,0.545,0.54,0101
648,OMESTI [S],9008,,0.41,0.42,-0.010,-2.38,544,50,0.41,0.415,838,0.42,0.41,9008
649,OCK-WB [S],0172WB,,0.18,0.18,-,-,541,522,0.18,0.185,300,0.18,0.18,0172WB
650,MULPHA,3905,s,2.48,2.48,-,-,540,100,2.46,2.48,243,2.48,2.45,3905
651,LBICAP-WB,8494WB,,0.185,0.195,-0.010,-5.13,536,10494,0.18,0.185,123,0.185,0.185,8494WB
652,SENDAI-WA [S],5205WA,,0.06,0.055,+0.005,+9.09,531,61,0.055,0.06,3170,0.06,0.055,5205WA
653,WEGMANS-WB [S],0197WB,,0.075,0.07,+0.005,+7.14,530,670,0.07,0.075,2671,0.075,0.07,0197WB
654,PWROOT-WA [S],7237WA,,0.28,0.245,+0.035,+14.29,525,200,0.25,0.28,275,0.28,0.245,7237WA
655,FLBHD,5197,,1.36,1.38,-0.020,-1.45,519,500,1.36,1.37,147,1.39,1.36,5197
656,MERCURY [S],8192,,1.02,1.02,-,-,516,34,1.02,1.03,370,1.04,1.02,8192
657,ALSREIT [S],5269,,0.485,0.49,-0.005,-1.02,511,105,0.49,0.505,109,0.495,0.485,5269
658,LPI,8621,s,14.58,14.42,+0.160,+1.11,511,10,14.44,14.58,35,14.6,14.42,8621
659,EWEIN-WB [S],7249WB,,0.015,0.02,-0.005,-25.00,505,364,0.015,0.02,4089,0.015,0.015,7249WB
660,AMTEL [S],7031,,0.72,0.72,-,-,501,49,0.72,0.74,64,0.72,0.72,7031
661,HCK [S],7105,s,2.15,2.15,-,-,500,60,2.110,2.16,200,2.15,2.15,7105
662,INTA-WA [S],0192WA,,0.075,0.075,-,-,500,1100,0.070,0.075,13,0.075,0.075,0192WA
663,OCNCASH [S],0049,,0.39,0.395,-0.005,-1.27,500,1490,0.390,0.4,1785,0.4,0.39,0049
664,OMESTI-PB,9008PB,,0.845,0.845,-,-,500,3269,0.845,0.85,100,0.845,0.845,9008PB
665,OWG-WA [S],5260WA,,0.08,0.075,+0.005,+6.67,500,1403,0.075,0.08,50,0.08,0.08,5260WA
666,SPSETIA-PB [S],8664PB,,0.885,0.88,+0.005,+0.57,500,500,0.885,0.94,100,0.885,0.885,8664PB
667,TECHBND-WA [S],5289WA,,0.15,0.145,+0.005,+3.45,500,300,0.140,0.15,150,0.15,0.15,5289WA
668,TITIJYA-PA [S],5239PA,,0.025,0.025,-,-,500,91600,0.020,0.03,16876,0.025,0.025,5239PA
669,GKENT [S],3204,,0.645,0.645,-,-,495,50,0.635,0.645,180,0.645,0.635,3204
670,PINEPAC,1902,,0.47,0.48,-0.010,-2.08,495,650,0.460,0.47,115,0.48,0.47,1902
671,SEACERA [S],7073,,0.195,0.195,-,-,456,90,0.185,0.195,349,0.2,0.185,7073
672,KSSC [S],5192,,0.735,0.74,-0.005,-0.68,442,108,0.735,0.745,58,0.745,0.735,5192
673,CSCENIC-WA [S],7202WA,,0.235,0.23,+0.005,+2.17,434,560,0.235,0.245,133,0.24,0.235,7202WA
674,GDB-WA [S],0198WA,,0.115,0.115,-,-,434,272,0.115,0.12,2310,0.115,0.115,0198WA
675,PENERGY [S],5133,,0.82,0.82,-,-,433,100,0.805,0.82,30,0.84,0.82,5133
676,NIHSIN-WB [S],7215WB,,0.07,0.075,-0.005,-6.67,415,1111,0.070,0.075,3660,0.07,0.07,7215WB
677,BJFOOD [S],5196,s,2.15,2.15,-,-,404,12,2.150,2.16,73,2.16,2.15,5196
678,FAVCO [S],7229,s,2.45,2.45,-,-,402,148,2.450,2.46,11,2.46,2.45,7229
679,P&O,6009,,0.98,0.97,+0.010,+1.03,401,100,0.975,0.98,53,0.98,0.97,6009
680,MERIDIAN-WB [S],5040WB,,0.005,0.005,-,-,400,-,-,0.005,21182,0.005,0.005,5040WB
681,DELEUM,5132,,0.5,0.51,-0.010,-1.96,394,232,0.5,0.52,300,0.51,0.5,5132
682,KHIND [S],7062,,3.78,3.87,-0.090,-2.33,388,28,3.75,3.78,40,3.81,3.71,7062
683,GMUTUAL [S],9962,,0.305,0.3,+0.005,+1.67,382,314,0.3,0.32,299,0.305,0.3,9962
684,SHCHAN [S],4316,,0.45,0.445,+0.005,+1.12,380,100,0.445,0.45,620,0.45,0.445,4316
685,MRCB-WB [S],1651WB,,0.08,0.08,-,-,369,43672,0.075,0.08,19476,0.08,0.08,1651WB
686,JOHAN,3441,,0.09,0.09,-,-,365,16050,0.085,0.09,4666,0.09,0.085,3441
687,CEPAT [S],8982,,0.705,0.705,-,-,360,50,0.705,0.71,45,0.71,0.7,8982
688,IQGROUP [S],5107,,1.03,1.04,-0.010,-0.96,351,100,1.02,1.03,5,1.04,1.03,5107
689,ZHULIAN [S],5131,s,1.92,1.92,-,-,345,244,1.92,1.93,66,1.93,1.91,5131
690,AME-WA [S],5293WA,,0.285,0.285,-,-,343,100,0.275,0.285,39,0.285,0.28,5293WA
691,CME-WA [S],7018WA,,0.045,0.045,-,-,341,359,0.045,0.05,2270,0.045,0.045,7018WA
692,DBHD [S],3484,,0.5,0.5,-,-,336,4670,0.5,0.53,270,0.5,0.495,3484
693,HARNLEN [S],7501,,0.695,0.685,+0.010,+1.46,336,86,0.695,0.715,508,0.715,0.69,7501
694,SCIENTX-WC [S],4731WC,,1.31,1.35,-0.040,-2.96,325,66,1.31,1.35,100,1.33,1.31,4731WC
695,BORNOIL-WC [S],7036WC,,0.015,0.015,-,-,320,226178,0.01,0.015,154035,0.015,0.015,7036WC
696,CARLSBG,2836,s,20.4,20.58,-0.180,-0.87,315,10,20.4,20.6,30,20.6,20.26,2836
697,KFIMA [S],6491,s,2.09,2.09,-,-,311,50,2.08,2.09,49,2.1,2.07,6491
698,MERIDIAN-WC [S],5040WC,,0.025,0.02,+0.005,+25.00,308,6906,0.02,0.025,1035,0.025,0.025,5040WC
699,MUDA [S],3883,s,2.76,2.77,-0.010,-0.36,305,615,2.76,2.78,62,2.77,2.76,3883
700,AFUJIYA [S],5198,,0.38,0.405,-0.025,-6.17,300,10,0.38,0.385,100,0.38,0.38,5198
701,ECONBHD-WA [S],5253WA,,0.03,0.03,-,-,300,7323,0.025,0.03,5009,0.03,0.03,5253WA
702,EIG [S],5081,,0.375,0.38,-0.005,-1.32,300,500,0.37,0.375,200,0.375,0.37,5081
703,EUPE [S],6815,,0.805,0.805,-,-,300,117,0.805,0.825,253,0.81,0.805,6815
704,FSBM-WA [S],9377WA,,0.055,0.05,+0.005,+10.00,300,500,0.05,0.055,1390,0.055,0.05,9377WA
705,SJC [S],9431,,2.6,2.6,-,-,300,2,2.58,2.59,20,2.6,2.52,9431
706,TAWIN-PA,7097PA,,0.105,0.1,+0.005,+5.00,300,800,0.105,0.11,125,0.105,0.105,7097PA
707,DKSH [S],5908,,5.0,5.08,-0.080,-1.57,294,40,4.97,4.99,1,5.08,5.0,5908
708,ENRA [S],8613,,0.865,0.85,+0.015,+1.76,292,20,0.86,0.865,27,0.885,0.865,8613
709,SUNWAY-PA [S],5211PA,,1.51,1.51,-,-,292,8,1.51,1.52,180,1.51,1.51,5211PA
710,SUPERLN [S],7235,,0.82,0.82,-,-,290,10,0.815,0.82,16,0.82,0.805,7235
711,DIGISTA-WB,0029WB,,0.015,0.02,-0.005,-25.00,286,2214,0.015,0.025,1220,0.015,0.015,0029WB
712,HUPSENG [S],5024,s,0.875,0.875,-,-,286,755,0.875,0.88,954,0.88,0.875,5024
713,PARAGON [S],9407,,1.46,1.45,+0.010,+0.69,285,5,1.46,1.51,30,1.46,1.45,9407
714,TECGUAN,7439,,1.23,1.23,-,-,282,58,1.23,1.27,20,1.28,1.23,7439
715,DANCO [S],5276,,0.55,0.565,-0.015,-2.65,280,250,0.545,0.56,200,0.565,0.55,5276
716,KLUANG,2453,,4.05,4.05,-,-,279,1,3.96,4.04,5,4.05,3.97,2453
717,TOYOVEN [S],7173,,1.36,1.38,-0.020,-1.45,276,10,1.35,1.39,20,1.42,1.36,7173
718,HEXZA,3298,,1.01,1.01,-,-,267,1,1.01,1.02,523,1.01,1.0,3298
719,ENRA-WA [S],8613WA,,0.335,0.335,-,-,263,110,0.315,0.335,144,0.34,0.335,8613WA
720,PJBUMI-WA [S],7163WA,,0.175,0.12,+0.055,+45.83,260,6,0.135,0.16,20,0.175,0.125,7163WA
721,DOLMITE,5835,,0.03,0.03,-,-,250,25762,0.025,0.03,250,0.03,0.03,5835
722,SEB,5163,,1.2,1.28,-0.080,-6.25,239,57,1.2,1.23,49,1.23,1.19,5163
723,ICAP,5108,,2.15,2.18,-0.030,-1.38,234,5,2.15,2.16,86,2.18,2.15,5108
724,APB [S],5568,,0.715,0.715,-,-,233,50,0.71,0.715,37,0.73,0.705,5568
725,BAT,4162,s,14.0,13.98,+0.020,+0.14,229,112,13.94,14.0,36,14.0,13.9,4162
726,SPRITZER [S],7103,,2.01,2.07,-0.060,-2.90,224,16,2.01,2.07,70,2.03,2.0,7103
727,YLI [S],7014,,0.31,0.32,-0.010,-3.13,224,70,0.31,0.32,150,0.31,0.31,7014
728,LIENHOE,3573,,0.37,0.38,-0.010,-2.63,222,28,0.36,0.38,127,0.37,0.335,3573
729,LSTEEL [S],9881,,0.625,0.635,-0.010,-1.57,222,48,0.625,0.64,1109,0.635,0.625,9881
730,NICE-WB [S],7139WB,,0.135,0.12,+0.015,+12.50,221,100,0.12,0.135,336,0.135,0.12,7139WB
731,PENSONI-WB [S],9997WB,,0.125,0.13,-0.005,-3.85,221,79,0.125,0.14,140,0.13,0.125,9997WB
732,TOCEAN [S],7218,,2.98,2.98,-,-,221,4,2.9,2.98,18,3.0,2.9,7218
733,FSBM [S],9377,,0.175,0.175,-,-,215,105,0.175,0.18,130,0.18,0.175,9377
734,HSSEB [S],0185,,0.54,0.53,+0.010,+1.89,213,560,0.52,0.54,1301,0.54,0.53,0185
735,BJASSET,3239,s,0.26,0.26,-,-,212,2220,0.255,0.26,2242,0.26,0.26,3239
736,PTARAS [S],9598,,2.75,2.75,-,-,211,64,2.72,2.75,41,2.75,2.75,9598
737,MENANG [S],1694,,0.51,0.515,-0.005,-0.97,210,190,0.51,0.535,60,0.51,0.51,1694
738,PEB [S],5622,,1.52,1.55,-0.030,-1.94,210,260,1.52,1.54,100,1.54,1.52,5622
739,CCK [S],7035,,0.575,0.585,-0.010,-1.71,209,271,0.575,0.58,465,0.585,0.575,7035
740,EITA [S],5208,,0.88,0.87,+0.010,+1.15,207,73,0.865,0.88,73,0.88,0.87,5208
741,HSSEB-WA [S],0185WA,,0.065,0.05,+0.015,+30.00,203,1247,0.065,0.09,20,0.065,0.06,0185WA
742,AMEDIA [S],0159,,0.15,0.155,-0.005,-3.23,202,945,0.15,0.155,320,0.155,0.15,0159
743,SMCAP-WC [S],9776WC,,0.115,0.095,+0.020,+21.05,201,615,0.095,0.115,299,0.115,0.115,9776WC
744,BORNOIL-WD [S],7036WD,,0.015,0.02,-0.005,-25.00,200,27943,0.015,0.02,46541,0.015,0.015,7036WD
745,PARKWD [S],2682,,0.195,0.19,+0.005,+2.63,200,498,0.19,0.195,300,0.195,0.195,2682
746,PLS [S],9695,,0.95,0.98,-0.030,-3.06,200,10,0.95,0.96,100,0.95,0.95,9695
747,THRIVEN [S],7889,,0.15,0.155,-0.005,-3.23,200,840,0.145,0.15,59,0.15,0.15,7889
748,YONGTAI-PA [S],7066PA,,0.13,0.105,+0.025,+23.81,194,200,0.12,0.16,49,0.13,0.13,7066PA
749,KAWAN [S],7216,s,1.62,1.63,-0.010,-0.61,190,25,1.62,1.64,92,1.63,1.62,7216
750,ROHAS [S],9741,,0.3,0.3,-,-,190,910,0.295,0.3,33,0.3,0.295,9741
751,ORIENT,4006,s,5.29,5.28,+0.010,+0.19,185,43,5.29,5.32,40,5.32,5.29,4006
752,KKB [S],9466,,1.51,1.51,-,-,173,1300,1.51,1.52,377,1.52,1.51,9466
753,BOXPAK,6297,,1.25,1.2,+0.050,+4.17,170,20,1.22,1.26,80,1.25,1.22,6297
754,ZECON [S],7028,,0.375,0.38,-0.005,-1.32,169,450,0.375,0.39,177,0.375,0.375,7028
755,STELLA [S],5006,,0.97,0.94,+0.030,+3.19,163,100,0.965,1.02,80,0.975,0.97,5006
756,NESTLE [S],4707,s,133.9,133.9,-,-,161,1,133.5,133.9,368,134.0,133.4,4707
757,TAMBUN [S],5191,,0.725,0.73,-0.005,-0.68,161,207,0.725,0.735,29,0.735,0.725,5191
758,PANSAR-WA,8419WA,,0.155,0.155,-,-,160,28,0.135,0.155,317,0.155,0.135,8419WA
759,MENTIGA [S],5223,,0.63,0.635,-0.005,-0.79,159,36,0.63,0.675,50,0.635,0.63,5223
760,GCE,5592,,0.355,0.33,+0.025,+7.58,158,54,0.32,0.36,25,0.355,0.355,5592
761,HANDAL [S],7253,,0.18,0.185,-0.005,-2.70,152,1136,0.18,0.185,2621,0.18,0.18,7253
762,ASIAFLE,7129,,2.2,2.14,+0.060,+2.80,150,190,2.14,2.19,10,2.2,2.2,7129
763,FARLIM [S],6041,,0.26,0.26,-,-,150,142,0.235,0.26,80,0.265,0.26,6041
764,MUH [S],9539,,0.62,0.635,-0.015,-2.36,150,100,0.605,0.645,220,0.63,0.62,9539
765,WTHORSE [S],5009,,0.63,0.63,-,-,146,381,0.625,0.665,100,0.63,0.63,5009
766,MCEHLDG [S],7004,,1.27,1.26,+0.010,+0.79,141,9,1.27,1.35,50,1.27,1.27,7004
767,PERDANA-PA,7108PA,,0.12,0.105,+0.015,+14.29,141,300,0.1,0.12,82,0.12,0.09,7108PA
768,PLENITU [S],5075,,1.03,1.03,-,-,140,1,1.03,1.04,30,1.03,1.03,5075
769,KUCHAI,2186,,1.78,1.8,-0.020,-1.11,134,30,1.71,1.78,29,1.78,1.7,2186
770,SEEHUP [S],7053,,1.24,1.21,+0.030,+2.48,134,10,1.22,1.24,21,1.24,1.21,7053
771,POLY [S],8117,,0.675,0.7,-0.025,-3.57,130,63,0.69,0.73,60,0.7,0.675,8117
772,MAXIM [S],4022,,0.24,0.245,-0.005,-2.04,127,173,0.24,0.245,1604,0.24,0.24,4022
773,MENANG-WC [S],1694WC,,0.11,0.11,-,-,126,1163,0.11,0.115,50,0.11,0.11,1694WC
774,DLADY [S],3026,s,32.8,32.94,-0.140,-0.43,125,1,32.72,32.9,6,32.92,32.8,3026
775,CYL [S],7157,,0.47,0.475,-0.005,-1.05,121,180,0.465,0.475,100,0.47,0.465,7157
776,WANGZNG [S],7203,,0.815,0.825,-0.010,-1.21,121,35,0.785,0.815,89,0.815,0.785,7203
777,HIL [S],8443,,0.93,0.93,-,-,119,33,0.9,0.93,72,0.93,0.9,8443
778,OCB [S],5533,,0.82,0.83,-0.010,-1.20,117,9,0.78,0.82,204,0.82,0.82,5533
779,NATWIDE [S],9806,,0.125,0.125,-,-,115,100,0.115,0.125,485,0.125,0.115,9806
780,TONGHER [S],5010,,2.9,2.89,+0.010,+0.35,115,2,2.9,2.92,5,2.9,2.9,5010
781,TSRCAP [S],5042,,0.22,0.22,-,-,110,1100,0.215,0.22,80,0.22,0.22,5042
782,MSNIAGA [S],5011,,1.53,1.52,+0.010,+0.66,109,100,1.52,1.54,10,1.55,1.53,5011
783,ELKDESA,5228,,1.3,1.33,-0.030,-2.26,105,150,1.31,1.32,30,1.35,1.3,5228
784,SEAL [S],4286,,0.3,0.29,+0.010,+3.45,103,359,0.29,0.295,897,0.3,0.3,4286
785,WATTA [S],7226,,0.56,0.54,+0.020,+3.70,101,30,0.55,0.59,60,0.56,0.54,7226
786,AASIA [S],7054,,0.125,0.125,-,-,100,1,0.12,0.125,3709,0.125,0.125,7054
787,ASIABRN [S],7722,,0.475,0.475,-,-,100,69,0.475,0.525,69,0.475,0.475,7722
788,ENGTEX-WB [S],5056WB,,0.19,0.19,-,-,100,3350,0.18,0.19,335,0.19,0.19,5056WB
789,GCB-WB [S],5102WB,,1.07,1.1,-0.030,-2.73,100,150,1.04,1.14,77,1.08,1.07,5102WB
790,INTA [S],0192,,0.27,0.275,-0.005,-1.82,100,838,0.27,0.28,850,0.27,0.27,0192
791,OIB [S],5827,,0.96,0.975,-0.015,-1.54,100,400,0.95,0.98,100,0.96,0.96,5827
792,SCOMI-WB,7158WB,,0.01,0.01,-,-,100,9041,0.01,0.015,29629,0.01,0.01,7158WB
793,MANULFE,1058,,2.33,2.31,+0.020,+0.87,97,64,2.33,2.35,37,2.36,2.33,1058
794,AHEALTH [S],7090,s,2.59,2.6,-0.010,-0.38,95,135,2.58,2.59,112,2.59,2.58,7090
795,APOLLO [S],6432,,3.65,3.64,+0.010,+0.27,85,2,3.66,3.68,61,3.65,3.64,6432
796,HLIND [S],3301,s,9.17,9.18,-0.010,-0.11,76,16,9.12,9.17,43,9.18,9.12,3301
797,CCB [S],2925,,2.03,2.02,+0.010,+0.50,73,52,2.03,2.08,100,2.08,2.03,2925
798,FIAMMA [S],6939,,0.59,0.59,-,-,70,130,0.59,0.595,98,0.59,0.59,6939
799,PANAMY,3719,s,29.78,29.12,+0.660,+2.27,69,7,29.2,29.78,25,29.8,29.24,3719
800,SDRED [S],2224,,0.555,0.55,+0.005,+0.91,64,100,0.555,0.57,2050,0.555,0.555,2224
801,AJI [S],2658,,15.18,15.2,-0.020,-0.13,62,27,15.18,15.4,20,15.2,15.16,2658
802,TWRREIT,5111,,0.56,0.565,-0.005,-0.88,61,100,0.545,0.56,139,0.56,0.56,5111
803,BCB [S],6602,,0.25,0.245,+0.005,+2.04,60,360,0.25,0.26,350,0.27,0.25,6602
804,NHFATT [S],7060,,2.16,2.25,-0.090,-4.00,55,70,2.15,2.24,126,2.16,2.16,7060
805,SBAGAN,2569,,3.3,3.2,+0.100,+3.13,54,86,3.3,3.5,20,3.3,3.3,2569
806,TJSETIA [S],5297,,0.46,0.46,-,-,52,200,0.455,0.47,1000,0.46,0.46,5297
807,MPCORP [S],6548,,0.105,0.1,+0.005,+5.00,51,70,0.095,0.105,199,0.105,0.105,6548
808,NSOP,2038,,3.24,3.23,+0.010,+0.31,51,60,3.11,3.24,1,3.24,3.24,2038
809,QUALITY [S],7544,,1.21,1.21,-,-,51,17,1.21,1.28,20,1.29,1.21,7544
810,XINHWA-WA [S],5267WA,,0.075,0.075,-,-,51,2599,0.075,0.09,3398,0.075,0.075,5267WA
811,Y&G [S],7003,,1.22,1.25,-0.030,-2.40,51,10,1.23,1.3,10,1.22,1.22,7003
812,ADVPKG [S],9148,,2.65,2.54,+0.110,+4.33,50,30,2.54,2.65,10,2.65,2.54,9148
813,ATLAN,7048,,2.87,2.85,+0.020,+0.70,50,20,2.8,2.87,10,2.87,2.85,7048
814,HARNLEN-WB [S],7501WB,,0.28,0.28,-,-,50,414,0.26,0.28,155,0.28,0.27,7501WB
815,HSPLANT [S],5138,s,2.02,2.02,-,-,50,150,2.02,2.05,150,2.02,2.02,5138
816,KRETAM [S],1996,s,0.57,0.545,+0.025,+4.59,50,227,0.545,0.57,164,0.57,0.545,1996
817,MGB [S],7595,,0.715,0.725,-0.010,-1.38,50,10,0.71,0.715,100,0.72,0.715,7595
818,PLS-WA [S],9695WA,,0.32,0.32,-,-,50,50,0.305,0.32,1940,0.32,0.32,9695WA
819,SEM,5250,s,1.5,1.48,+0.020,+1.35,50,50,1.49,1.5,360,1.5,1.5,5250
820,TOYOVEN-WB [S],7173WB,,0.39,0.39,-,-,44,76,0.39,0.425,92,0.43,0.39,7173WB
821,HOMERIZ-WC [S],5160WC,,0.12,0.13,-0.010,-7.69,42,191,0.12,0.13,791,0.12,0.12,5160WC
822,GPHAROS [S],5649,,0.31,0.315,-0.005,-1.59,41,970,0.3,0.31,50,0.325,0.31,5649
823,UMSNGB [S],7227,,1.12,1.12,-,-,40,30,1.07,1.12,175,1.12,1.06,7227
824,MBMR [S],5983,s,3.18,3.18,-,-,39,47,3.19,3.2,40,3.19,3.18,5983
825,PERSTIM [S],5436,,3.91,3.95,-0.040,-1.01,39,51,3.91,3.93,1,3.92,3.91,5436
826,AMWAY [S],6351,,5.33,5.39,-0.060,-1.11,37,17,5.33,5.39,8,5.35,5.32,6351
827,APM [S],5015,,2.0,2.0,-,-,35,24,2.0,2.18,56,2.0,2.0,5015
828,UMS [S],7137,,2.07,2.08,-0.010,-0.48,35,66,2.07,2.12,10,2.07,2.07,7137
829,YSPSAH [S],7178,,2.0,1.95,+0.050,+2.56,33,89,1.95,2.0,200,2.0,1.95,7178
830,CLMT,5180,s,0.6,0.6,-,-,30,116,0.59,0.6,1741,0.6,0.6,5180
831,HARISON,5008,,4.89,4.89,-,-,30,15,4.84,4.97,1,4.89,4.89,5008
832,INSAS-PB,3379PB,,0.94,0.94,-,-,30,270,0.94,0.95,250,0.94,0.94,3379PB
833,KSENG,3476,,3.46,3.6,-0.140,-3.89,30,45,3.46,3.5,26,3.58,3.45,3476
834,MALPAC,4936,,1.15,1.06,+0.090,+8.49,29,80,1.09,1.15,20,1.15,1.09,4936
835,KIMLUN [S],5171,,0.79,0.81,-0.020,-2.47,28,11,0.79,0.805,490,0.805,0.79,5171
836,LANDMRK,1643,,0.315,0.315,-,-,28,50,0.315,0.32,83,0.315,0.315,1643
837,KESM [S],9334,s,12.36,12.3,+0.060,+0.49,27,8,12.28,12.36,26,12.38,12.22,9334
838,S&FCAP-WC [S],8745WC,,0.07,0.075,-0.005,-6.67,26,5100,0.065,0.07,3929,0.07,0.07,8745WC
839,ANALABS,7083,,1.22,1.22,-,-,25,5,1.22,1.25,100,1.22,1.22,7083
840,EKSONS,9016,,0.6,0.605,-0.005,-0.83,25,101,0.605,0.65,2260,0.6,0.6,9016
841,ANNJOO-PA,6556PA,,0.75,0.7,+0.050,+7.14,20,1,0.700,0.885,87,0.75,0.75,6556PA
842,EITA-WA [S],5208WA,,0.3,0.32,-0.020,-6.25,20,196,0.300,0.31,20,0.3,0.3,5208WA
843,ORNA [S],5065,,1.27,1.28,-0.010,-0.78,20,30,1.270,1.31,80,1.27,1.27,5065
844,PASDEC [S],6912,,0.355,0.34,+0.015,+4.41,20,200,0.340,0.355,1221,0.355,0.355,6912
845,TCHONG [S],4405,s,1.14,1.12,+0.020,+1.79,20,205,1.110,1.14,100,1.14,1.11,4405
846,UPA [S],7757,,2.28,2.3,-0.020,-0.87,20,10,2.270,2.28,1,2.28,2.28,7757
847,CHINTEK,1929,,6.94,7.03,-0.090,-1.28,18,103,6.940,7.02,207,7.02,6.94,1929
848,HIL-WB [S],8443WB,,0.335,0.27,+0.065,+24.07,18,392,0.270,0.335,490,0.335,0.27,8443WB
849,SAPRES [S],4596,,0.355,0.355,-,-,15,356,0.355,0.365,524,0.355,0.355,4596
850,BKAWAN [S],1899,,22.82,22.88,-0.060,-0.26,13,31,22.820,22.88,7,22.88,22.82,1899
851,DKLS [S],7528,,1.63,1.75,-0.120,-6.86,10,10,1.640,1.73,22,1.63,1.63,7528
852,ECOWLD-WA [S],8206WA,,0.005,0.005,-,-,10,-,-,0.005,104025,0.005,0.005,8206WA
853,IBRACO [S],5084,,0.56,0.555,+0.005,+0.90,10,60,0.535,0.56,204,0.56,0.56,5084
854,NIHSIN-PA,7215PA,,0.03,0.03,-,-,10,1600,0.025,0.03,10584,0.03,0.03,7215PA
855,SCIPACK [S],8125,s,2.38,2.47,-0.090,-3.64,10,42,2.380,2.46,20,2.38,2.38,8125
856,RVIEW [S],2542,,3.22,3.23,-0.010,-0.31,9,5,3.220,3.5,10,3.25,3.22,2542
857,SHL [S],6017,,1.98,2.0,-0.020,-1.00,8,30,1.950,2.0,270,1.98,1.98,6017
858,TIENWAH,7374,,1.1,1.06,+0.040,+3.77,8,7,1.070,1.15,8,1.1,1.06,7374
859,KERJAYA-WB [S],7161WB,,0.1,0.105,-0.005,-4.76,6,98,0.100,0.105,500,0.11,0.1,7161WB
860,BESHOM,7668,s,1.79,1.79,-,-,5,51,1.700,1.79,130,1.79,1.79,7668
861,BIPORT [S],5032,,4.950,4.95,-,-,3,100,4.760,4.94,2,4.950,4.710,5032
862,ENGKAH [S],7149,,0.555,0.555,-,-,3,580,0.520,0.58,100,0.555,0.555,7149
863,PDZ-WB [S],6254WB,,0.015,0.02,-0.005,-25.00,3,13409,0.015,0.02,3063,0.015,0.015,6254WB
864,PMBTECH-WA [S],7172WA,,9.400,9.7,-0.300,-3.09,3,3,9.400,9.85,1,9.700,9.400,7172WA
865,CIHLDG [S],2828,s,2.980,2.98,-,-,2,1,2.930,2.98,23,2.980,2.980,2828
866,VERTICE-WA [S],7240WA,,0.100,0.09,+0.010,+11.11,2,325,0.080,0.1,998,0.100,0.100,7240WA
867,JCBNEXT,0058,,1.390,1.4,-0.010,-0.71,1,25,1.360,1.39,19,1.390,1.390,0058
868,SWSCAP [S],7186,,0.400,0.405,-0.005,-1.23,1,680,0.390,0.4,257,0.400,0.400,7186
869,ALAM-WA [S],5115WA,,-,0.005,-,-,-,-,-,0.005,515234,-,-,5115WA
870,AMTEL-WA [S],7031WA,,-,0.29,-,-,-,200,0.275,0.295,100,-,-,7031WA
871,APEX,5088,,-,1.03,-,-,-,30,1.020,1.03,1,-,-,5088
872,ASIAPAC-WB,4057WB,,-,0.005,-,-,-,-,-,0.005,1620,-,-,4057WB
873,ATTA-PA,7099PA,,-,0.065,-,-,-,5344,0.035,0.065,593,-,-,7099PA
874,ATTA-WC [S],7099WC,,-,0.2,-,-,-,200,0.120,0.2,119,-,-,7099WC
875,AYER [S],2305,,-,5.45,-,-,-,100,5.450,5.62,2,-,-,2305
876,AZRB-WA [S],7078WA,,-,0.11,-,-,-,200,0.090,0.1,100,-,-,7078WA
877,BERTAM [S],9814,,-,0.09,-,-,-,300,0.090,0.12,1000,-,-,9814
878,BHIC [S],8133,,-,0.49,-,-,-,50,0.480,0.495,35,-,-,8133
879,BJCORP-WC,3395WC,,-,0.055,-,-,-,5,0.055,0.06,15138,-,-,3395WC
880,BLDPLNT [S],5069,,-,9.01,-,-,-,80,9.010,9.3,5,-,-,5069
881,BOXPAK-WA,6297WA,,-,0.16,-,-,-,77,0.010,0.155,100,-,-,6297WA
882,BRIGHT,9938,,-,0.225,-,-,-,500,0.205,0.220,7,-,-,9938
883,BTM [S],7188,,-,0.185,-,-,-,200,0.180,0.195,820,-,-,7188
884,BTM-WB [S],7188WB,,-,0.12,-,-,-,250,0.085,0.120,953,-,-,7188WB
885,CAP,5229,S,-,0.01,-,-,-,-,-,-,-,-,-,5229
886,CCK-WA [S],7035WA,,-,0.06,-,-,-,1757,0.060,0.065,2179,-,-,7035WA
887,CEPCO [S],8435,,-,0.87,-,-,-,50,0.835,0.870,81,-,-,8435
888,CHUAN [S],7016,,-,0.52,-,-,-,200,0.475,0.520,94,-,-,7016
889,CNASIA-WA,7986WA,,-,0.26,-,-,-,300,0.240,0.260,12,-,-,7986WA
890,COMCORP,7195,S,-,0.09,-,-,-,-,-,-,-,-,-,7195
891,CVIEW [S],5049,,-,0.96,-,-,-,50,0.980,1.140,49,-,-,5049
892,DFCITY [S],5165,,-,0.475,-,-,-,200,0.430,0.470,30,-,-,5165
893,DOLPHIN-WB [S],5265WB,,-,0.06,-,-,-,1100,0.055,0.070,885,-,-,5265WB
894,DYNACIA-PA,5178PA,,-,0.055,-,-,-,1000,0.055,0.060,3013,-,-,5178PA
895,DYNACIA-WA [S],5178WA,,-,0.055,-,-,-,425,0.055,0.060,2123,-,-,5178WA
896,ECM,2143,,-,0.17,-,-,-,680,0.170,0.175,1108,-,-,2143
897,EG-PA,8907PA,,-,0.585,-,-,-,144,0.545,0.630,100,-,-,8907PA
898,EUROSP [S],7094,,-,1.11,-,-,-,30,1.110,1.180,20,-,-,7094
899,EWINT-WA [S],5283WA,,-,0.005,-,-,-,-,-,0.005,193073,-,-,5283WA
900,FACBIND,2984,,-,1.22,-,-,-,300,1.230,1.260,10,-,-,2984
901,FAREAST [S],5029,,-,2.9,-,-,-,55,2.9,3.080,1,-,-,5029
902,FCW,2755,,-,1.04,-,-,-,200,1.04,1.150,40,-,-,2755
903,FIBON,0149,,-,0.39,-,-,-,500,0.385,0.400,100,-,-,0149
904,FIHB-PA [S],8605PA,,-,0.13,-,-,-,5000,0.07,0.130,6298,-,-,8605PA
905,FIHB-PB [S],8605PB,,-,0.105,-,-,-,5000,0.105,-,-,-,-,8605PB
906,FIMACOR [S],3107,,-,1.88,-,-,-,101,1.86,1.900,61,-,-,3107
907,G3-WA [S],7184WA,,-,0.3,-,-,-,500,0.02,-,-,-,-,7184WA
908,GBGAQRS-WB [S],5226WB,,-,0.1,-,-,-,200,0.09,0.100,1074,-,-,5226WB
909,GLBHD [S],7382,,-,0.435,-,-,-,70,0.435,0.445,135,-,-,7382
910,GOPENG [S],2135,,-,0.45,-,-,-,210,0.435,0.455,100,-,-,2135
911,HCK-WA [S],7105WA,,-,1.1,-,-,-,400,1.1,-,-,-,-,7105WA
912,HIBISCS-PA [S],5199PA,,-,1.77,-,-,-,720,1.73,-,-,-,-,5199PA
913,HOHUP [S],5169,,-,0.34,-,-,-,10,0.33,0.340,100,-,-,5169
914,HONGSENG-PA,0041PA,,-,2.62,-,-,-,31,2.51,-,-,-,-,0041PA
915,HONGSENG-WA [S],0041WA,,-,2.5,-,-,-,30,2.45,-,-,-,-,0041WA
916,IGBB-PB,5606PB,,-,2.3,-,-,-,200,1.93,-,-,-,-,5606PB
917,ILB [S],5614,,-,0.38,-,-,-,3,0.39,0.400,200,-,-,5614
918,INCKEN [S],2607,,-,0.435,-,-,-,15,0.435,0.475,200,-,-,2607
919,JAKS-WB [S],4723WB,,-,0.245,-,-,-,50,0.225,0.240,50,-,-,4723WB
920,JASKITA,8648,,-,0.11,-,-,-,50,0.1,0.115,2003,-,-,8648
921,JOE-WA,7096WA,,-,0.015,-,-,-,31287,0.010,0.015,23846,-,-,7096WA
922,JOE-WB,7096WB,,-,0.015,-,-,-,41648,0.010,0.015,74860,-,-,7096WB
923,JOHAN-WB,3441WB,,-,0.03,-,-,-,4899,0.025,0.030,35820,-,-,3441WB
924,KAMDAR [S],8672,,-,0.205,-,-,-,200,0.195,0.210,20,-,-,8672
925,KEN [S],7323,,-,0.59,-,-,-,20,0.555,0.590,40,-,-,7323
926,KIMHIN [S],5371,,-,0.85,-,-,-,120,0.790,0.845,12,-,-,5371
927,KMLOONG-WB [S],5027WB,,-,0.42,-,-,-,279,0.380,0.420,324,-,-,5027WB
928,KNUSFOR [S],5035,,-,0.65,-,-,-,50,0.605,0.665,50,-,-,5035
929,KPSCB [S],9121,,-,0.61,-,-,-,12,0.575,0.610,356,-,-,9121
930,LAGENDA-WB [S],7179WB,S,-,0.025,-,-,-,-,-,-,-,-,-,7179WB
931,LATITUD [S],7006,,-,1.64,-,-,-,100,1.620,1.650,130,-,-,7006
932,LBICAP,8494,,-,0.61,-,-,-,100,0.580,0.600,20,-,-,8494
933,LBS-PA [S],5789PA,,-,0.93,-,-,-,100,0.875,0.930,50,-,-,5789PA
934,LEBTECH [S],9628,,-,0.9,-,-,-,1,0.850,1.130,10,-,-,9628
935,LOTUS-WB [S],8303WB,,-,0.13,-,-,-,1500,0.110,0.130,50,-,-,8303WB
936,LYSAGHT [S],9199,,-,1.9,-,-,-,3,1.900,1.920,30,-,-,9199
937,MAA,1198,,-,0.605,-,-,-,70,0.585,0.630,29,-,-,1198
938,MAGNA [S],7617,,-,0.425,-,-,-,60,0.390,0.435,50,-,-,7617
939,MASTER [S],7029,,-,1.65,-,-,-,110,1.640,1.680,60,-,-,7029
940,MELATI [S],5129,,-,0.58,-,-,-,80,0.550,0.580,20,-,-,5129
941,METROD,6149,,-,1.3,-,-,-,30,1.290,1.380,30,-,-,6149
942,MITRA-WE [S],9571WE,,-,0.04,-,-,-,5400,0.035,0.055,2538,-,-,9571WE
943,MJPERAK [S],8141,,-,0.355,-,-,-,500,0.340,0.350,500,-,-,8141
944,MTRONIC-WA [S],0043WA,,-,0.005,-,-,-,-,-,0.005,235451,-,-,0043WA
945,MYCRON-WA [S],5087WA,,-,0.25,-,-,-,100,0.160,0.250,35,-,-,5087WA
946,NPC [S],5047,,-,1.88,-,-,-,13,1.880,2.100,8,-,-,5047
947,OIB-WA [S],5827WA,,-,0.165,-,-,-,1233,0.155,0.160,596,-,-,5827WA
948,OWG-WB [S],5260WB,,-,0.285,-,-,-,50,0.245,0.280,410,-,-,5260WB
949,PARAMON-WA [S],1724WA,,-,0.08,-,-,-,1467,0.070,0.080,927,-,-,1724WA
950,PASDEC-WA [S],6912WA,,-,0.04,-,-,-,344,0.040,0.055,100,-,-,6912WA
951,PBA [S],5041,,-,0.81,-,-,-,150,0.805,0.825,50,-,-,5041
952,PCCS-WA [S],6068WA,,-,0.105,-,-,-,100,0.100,0.105,551,-,-,6068WA
953,PERMAJU-WA [S],7080WA,,-,0.03,-,-,-,3529,0.025,0.035,2156,-,-,7080WA
954,PLB [S],7055,,-,1.18,-,-,-,20,1.050,1.170,10,-,-,7055
955,PRKCORP,8346,,-,0.395,-,-,-,3,0.385,0.395,130,-,-,8346
956,PWF [S],7134,,-,0.5,-,-,-,210,0.500,0.510,1839,-,-,7134
957,RALCO [S],7498,,-,0.92,-,-,-,22,0.900,0.920,40,-,-,7498
958,RSENA,5270,S,-,0.505,-,-,-,-,-,-,-,-,-,5270
959,SAB [S],5134,,-,3.9,-,-,-,20,3.920,3.980,30,-,-,5134
960,SAPIND [S],7811,,-,0.745,-,-,-,500,0.740,0.770,10,-,-,7811
961,SAPNRG-PA [S],5218PA,,-,0.065,-,-,-,1000,0.040,0.070,352,-,-,5218PA
962,SBCCORP [S],5207,,-,0.4,-,-,-,200,0.390,0.400,30,-,-,5207
963,SCIB [S],9237,S,-,0.205,-,-,-,-,-,-,-,-,-,9237
964,SCIB-WB [S],9237WB,S,-,0.075,-,-,-,-,-,-,-,-,-,9237WB
965,SCIPACK-WB [S],8125WB,,-,0.27,-,-,-,200,0.050,0.270,289,-,-,8125WB
966,SERBADK [S],5279,S s,-,0.35,-,-,-,-,-,-,-,-,-,5279
967,SERBADK-WA [S],5279WA,S,-,0.07,-,-,-,-,-,-,-,-,-,5279WA
968,SNTORIA-WB,5213WB,,-,0.05,-,-,-,358,0.040,0.080,3000,-,-,5213WB
969,SPSETIA-PA [S],8664PA,,-,0.9,-,-,-,600,0.900,0.910,150,-,-,8664PA
970,SUMATEC [S],1201,S,-,0.005,-,-,-,-,-,-,-,-,-,1201
971,SUNSURIA [S],3743,,-,0.43,-,-,-,350,0.430,0.450,80,-,-,3743
972,SWSCAP-WB [S],7186WB,,-,0.065,-,-,-,2760,0.055,0.065,1720,-,-,7186WB
973,TGL [S],9369,,-,1.1,-,-,-,200,1.020,1.100,132,-,-,9369
974,THHEAVY [S],7206,S,-,0.01,-,-,-,-,-,-,-,-,-,7206
975,TRC [S],5054,,-,0.325,-,-,-,1503,0.325,0.330,10,-,-,5054
976,TURBO,5167,,-,0.76,-,-,-,500,0.765,0.790,10,-,-,5167
977,UMCCA [S],2593,s,-,5.11,-,-,-,52,5.090,5.280,20,-,-,2593
978,UNIMECH [S],7091,,-,1.38,-,-,-,80,1.380,1.450,78,-,-,7091
979,VIZIONE-WC [S],7070WC,,-,0.005,-,-,-,-,-,0.005,64683,-,-,7070WC
980,WARISAN [S],5016,,-,1.36,-,-,-,1,1.150,1.360,2,-,-,5016
981,WCEHB-WF,3565WF,,-,0.185,-,-,-,100,0.170,0.185,550,-,-,3565WF
982,WEGMANS-WA [S],0197WA,S,-,0.005,-,-,-,-,-,-,-,-,-,0197WA
983,XDL-WD,5156WD,S,-,0.005,-,-,-,-,-,-,-,-,-,5156WD
